Date,Quantity,Temp,Rainfall
06/04/2010,146.1667,27.9,Heavy Rain
07/04/2010,0,28.3,Light Rain
08/04/2010,0,28.4,Light Rain
09/04/2010,0,28.3,No Rain
10/04/2010,0,28.8,Light Rain
11/04/2010,0,29.3,No Rain
12/04/2010,0,30,Light Rain
13/04/2010,0,30.1,Light Rain
14/04/2010,0,26.1,Heavy Rain
15/04/2010,0,29.4,Light Rain
16/04/2010,0,28.7,No Rain
17/04/2010,0,28,Light Rain
18/04/2010,0,28.6,No Rain
19/04/2010,0,28.9,Heavy Rain
20/04/2010,0,30.3,No Rain
21/04/2010,0,29.1,Heavy Rain
22/04/2010,288,27.8,Heavy Rain
23/04/2010,6,27.6,No Rain
24/04/2010,0,26.1,Heavy Rain
25/04/2010,0,28.8,Light Rain
26/04/2010,0,27.7,Light Rain
27/04/2010,0,28.7,Light Rain
28/04/2010,0,28.6,No Rain
29/04/2010,126,27.8,No Rain
30/04/2010,99,28.4,Heavy Rain
01/05/2010,0,28.4,Heavy Rain
02/05/2010,0,29.3,No Rain
03/05/2010,249,29.8,No Rain
04/05/2010,81,30.1,No Rain
05/05/2010,60,29.2,Heavy Rain
06/05/2010,381,30.1,No Rain
07/05/2010,132,29.3,No Rain
08/05/2010,18,28.4,Light Rain
09/05/2010,0,27.8,Light Rain
10/05/2010,465,29.1,Light Rain
11/05/2010,99,30.1,No Rain
12/05/2010,171,29.8,Light Rain
13/05/2010,9,29.1,Heavy Rain
14/05/2010,15,26.1,Heavy Rain
15/05/2010,3,28.8,Heavy Rain
16/05/2010,0,28.6,No Rain
17/05/2010,0,26.2,Heavy Rain
18/05/2010,69,26.6,Heavy Rain
19/05/2010,54,28.4,Heavy Rain
20/05/2010,66,26.4,Heavy Rain
21/05/2010,105,26,Heavy Rain
22/05/2010,120,28.1,Light Rain
23/05/2010,0,27.9,Light Rain
24/05/2010,111,28.5,Light Rain
25/05/2010,79.75,29.1,Heavy Rain
26/05/2010,0,28.8,Heavy Rain
27/05/2010,0,29.2,Light Rain
28/05/2010,0,28.9,No Rain
29/05/2010,42,29.1,Light Rain
30/05/2010,0,28.3,Light Rain
31/05/2010,117,29.2,Light Rain
01/06/2010,131,29.4,No Rain
02/06/2010,93,29.7,No Rain
03/06/2010,66,29.1,No Rain
04/06/2010,36,29.6,Light Rain
05/06/2010,63,29.3,No Rain
06/06/2010,0,28.2,Light Rain
07/06/2010,135,27.9,Light Rain
08/06/2010,159,28.7,Light Rain
09/06/2010,384,28.8,No Rain
10/06/2010,48,27.7,No Rain
11/06/2010,9,26.9,Light Rain
12/06/2010,57,26.6,Heavy Rain
13/06/2010,0,26.9,Heavy Rain
14/06/2010,75,27.4,Light Rain
15/06/2010,20,28.3,No Rain
16/06/2010,66,28.8,No Rain
17/06/2010,0,28.9,No Rain
18/06/2010,3,27.6,Light Rain
19/06/2010,0,27.9,Light Rain
20/06/2010,0,27.6,Heavy Rain
21/06/2010,138,28.4,No Rain
22/06/2010,186,28.7,No Rain
23/06/2010,33,27.9,Light Rain
24/06/2010,336,28.4,Light Rain
25/06/2010,0,28.7,No Rain
26/06/2010,63,28.9,No Rain
27/06/2010,0,29.1,No Rain
28/06/2010,309,27.5,Heavy Rain
29/06/2010,33,28.3,Light Rain
30/06/2010,12,28.6,Light Rain
01/07/2010,9,26.4,Light Rain
02/07/2010,63,28.1,Light Rain
03/07/2010,51,27.5,Light Rain
04/07/2010,0,27.4,Heavy Rain
05/07/2010,99,27.4,Light Rain
06/07/2010,39,28.1,Light Rain
07/07/2010,57,28.2,No Rain
08/07/2010,111,27.6,No Rain
09/07/2010,42,27.4,No Rain
10/07/2010,24,26.9,Light Rain
11/07/2010,15,27.7,Light Rain
13/07/2010,36.5,26.8,Light Rain
14/07/2010,12,27.4,Light Rain
15/07/2010,0,28.1,Light Rain
16/07/2010,12,27.5,Light Rain
17/07/2010,15,27.6,Light Rain
18/07/2010,0,27.3,Heavy Rain
19/07/2010,9,27.3,Light Rain
20/07/2010,333,27.4,No Rain
21/07/2010,159,28.1,No Rain
22/07/2010,258,28.2,No Rain
23/07/2010,39,27.4,No Rain
24/07/2010,54,27.8,No Rain
25/07/2010,0,28.1,No Rain
26/07/2010,66,28.1,No Rain
27/07/2010,190.1667,28,No Rain
28/07/2010,129,27.9,Light Rain
29/07/2010,57,27.6,No Rain
30/07/2010,78,27.3,No Rain
31/07/2010,54,27.7,No Rain
01/08/2010,0,27.9,No Rain
02/08/2010,12,27.9,No Rain
03/08/2010,6,27.6,No Rain
04/08/2010,36,28.4,No Rain
05/08/2010,72,28.4,No Rain
06/08/2010,0,28.4,No Rain
07/08/2010,27,28.5,No Rain
08/08/2010,0,28.3,No Rain
09/08/2010,0,28.2,No Rain
10/08/2010,120,28.1,No Rain
11/08/2010,54,28.1,No Rain
12/08/2010,81,27.7,No Rain
13/08/2010,48,28.2,No Rain
14/08/2010,132,27.8,No Rain
15/08/2010,0,27.2,No Rain
16/08/2010,48,27.6,No Rain
17/08/2010,57,27.4,No Rain
18/08/2010,30,27.3,No Rain
19/08/2010,99,27.4,No Rain
20/08/2010,18,26.7,No Rain
21/08/2010,30,26.2,Light Rain
22/08/2010,0,27,No Rain
23/08/2010,66,27.1,No Rain
24/08/2010,0,26.9,No Rain
25/08/2010,108,27.5,No Rain
26/08/2010,63,26.6,No Rain
27/08/2010,42,27.4,No Rain
28/08/2010,54,27.6,No Rain
29/08/2010,0,25.9,No Rain
30/08/2010,148.1667,26.7,Light Rain
31/08/2010,51,27,No Rain
01/09/2010,48,27.5,No Rain
02/09/2010,90,27.5,No Rain
03/09/2010,21,27.5,Light Rain
04/09/2010,132,27.8,No Rain
05/09/2010,0,28.1,No Rain
06/09/2010,60,27.9,No Rain
07/09/2010,30,28.2,No Rain
08/09/2010,121,28.2,No Rain
09/09/2010,15,28.6,No Rain
10/09/2010,336,27.4,Light Rain
11/09/2010,129,28.1,No Rain
12/09/2010,0,28.1,No Rain
13/09/2010,60,28.2,Light Rain
14/09/2010,144,27.9,No Rain
15/09/2010,91,28.1,No Rain
16/09/2010,192,28.7,Light Rain
17/09/2010,0,28.6,No Rain
18/09/2010,0,27.6,No Rain
19/09/2010,0,28.1,Light Rain
20/09/2010,3,27.8,Light Rain
21/09/2010,276,26.7,Heavy Rain
22/09/2010,0,27,Heavy Rain
23/09/2010,30,26.3,Light Rain
24/09/2010,0,25.3,Heavy Rain
25/09/2010,36,26.7,Heavy Rain
26/09/2010,0,27.1,Light Rain
27/09/2010,0,27.2,No Rain
28/09/2010,0,25,Light Rain
29/09/2010,0,25.1,Light Rain
30/09/2010,0,26.3,Light Rain
01/10/2010,0,26.8,Light Rain
02/10/2010,0,25.1,Heavy Rain
03/10/2010,0,25.4,Heavy Rain
04/10/2010,0,27.6,Heavy Rain
05/10/2010,0,28.5,Light Rain
06/10/2010,0,28.1,No Rain
07/10/2010,0,27.9,Light Rain
08/10/2010,0,27.5,Light Rain
09/10/2010,0,27.7,Light Rain
10/10/2010,0,27.9,No Rain
11/10/2010,0,28.2,No Rain
12/10/2010,0,28.1,No Rain
13/10/2010,0,27.9,No Rain
14/10/2010,0,28.1,No Rain
15/10/2010,0,28.1,No Rain
16/10/2010,0,28.1,No Rain
17/10/2010,0,27.7,Light Rain
18/10/2010,0,28.3,Light Rain
19/10/2010,0,28,No Rain
20/10/2010,0,27.7,No Rain
21/10/2010,0,27.9,No Rain
22/10/2010,0,28.1,No Rain
23/10/2010,0,28.1,No Rain
24/10/2010,0,28.1,No Rain
25/10/2010,0,27.3,Light Rain
26/10/2010,183,27.8,No Rain
27/10/2010,630,26.8,No Rain
28/10/2010,102,25.6,No Rain
29/10/2010,39,26.6,Heavy Rain
30/10/2010,0,27.4,No Rain
31/10/2010,0,27.3,Light Rain
01/11/2010,84,28.1,Light Rain
02/11/2010,357,27.9,No Rain
03/11/2010,324,28,No Rain
04/11/2010,45,26.9,No Rain
05/11/2010,0,26.2,Light Rain
06/11/2010,0,27.5,Light Rain
07/11/2010,0,28,Light Rain
08/11/2010,0,28.4,Light Rain
09/11/2010,21,27.5,No Rain
10/11/2010,0,26.9,Light Rain
11/11/2010,75,25.4,Heavy Rain
12/11/2010,21,27.2,Light Rain
13/11/2010,0,27.3,No Rain
14/11/2010,0,27.3,Light Rain
15/11/2010,0,26.3,No Rain
16/11/2010,12,27.3,Heavy Rain
17/11/2010,132,25.6,Light Rain
18/11/2010,96,26.7,Light Rain
19/11/2010,132,27.1,No Rain
20/11/2010,453,26.2,No Rain
21/11/2010,0,24.8,Heavy Rain
22/11/2010,393,25.8,Light Rain
23/11/2010,180,25.4,Heavy Rain
24/11/2010,273,25.4,Heavy Rain
25/11/2010,198,26.1,Heavy Rain
26/11/2010,209.3333,24.8,Light Rain
27/11/2010,24,26,Heavy Rain
28/11/2010,0,25.8,Heavy Rain
29/11/2010,78,26.2,Light Rain
30/11/2010,84,25.9,Heavy Rain
01/12/2010,39,25.1,Light Rain
02/12/2010,0,25.6,Light Rain
03/12/2010,102,25,Light Rain
04/12/2010,13.6667,24.7,Light Rain
05/12/2010,0,26.1,Heavy Rain
06/12/2010,99,25.9,Light Rain
07/12/2010,9,24.7,Heavy Rain
08/12/2010,219,25.5,Heavy Rain
09/12/2010,77,23.7,Heavy Rain
10/12/2010,33,26,Light Rain
11/12/2010,0,27.1,No Rain
12/12/2010,0,27.1,No Rain
13/12/2010,171,26.3,No Rain
14/12/2010,87,26.8,No Rain
15/12/2010,78,27.3,No Rain
16/12/2010,66,26.8,No Rain
17/12/2010,9,26.7,No Rain
18/12/2010,0,27.6,Light Rain
19/12/2010,0,27.4,No Rain
20/12/2010,0,26.6,No Rain
21/12/2010,72,26.4,Light Rain
22/12/2010,210,24.8,Light Rain
23/12/2010,147,25.4,Light Rain
24/12/2010,39,24.7,Light Rain
25/12/2010,0,25.7,Light Rain
26/12/2010,0,25.8,No Rain
27/12/2010,3,25.9,Light Rain
28/12/2010,60,26.3,No Rain
29/12/2010,33,26.3,No Rain
30/12/2010,132,25.6,No Rain
31/12/2010,30,26.6,No Rain
01/01/2011,201,26.4,No Rain
02/01/2011,0,26.5,No Rain
03/01/2011,60,27.2,Light Rain
04/01/2011,63,26.7,No Rain
05/01/2011,243,25.8,No Rain
06/01/2011,117,26.8,No Rain
07/01/2011,148,25.9,No Rain
08/01/2011,9,25.8,No Rain
09/01/2011,0,22.9,Light Rain
10/01/2011,0,25.1,Light Rain
11/01/2011,0,25.3,Light Rain
12/01/2011,0,23.6,No Rain
13/01/2011,0,22.2,No Rain
14/01/2011,150,24.4,No Rain
15/01/2011,0,25.7,Light Rain
16/01/2011,0,26.6,No Rain
17/01/2011,285,26.6,No Rain
18/01/2011,342,26.8,No Rain
19/01/2011,0,26.5,No Rain
20/01/2011,240,26.2,No Rain
21/01/2011,189,25.8,No Rain
22/01/2011,258,26.6,No Rain
23/01/2011,0,27.3,No Rain
24/01/2011,117,27.3,No Rain
25/01/2011,153,27.4,No Rain
26/01/2011,6,26.5,No Rain
27/01/2011,267,26.6,No Rain
28/01/2011,174,26,No Rain
29/01/2011,0,27.5,Light Rain
30/01/2011,0,26.9,No Rain
31/01/2011,30,25.2,Light Rain
01/02/2011,0,25.3,Heavy Rain
02/02/2011,0,23.5,Light Rain
03/02/2011,426,25.2,Light Rain
04/02/2011,0,24.9,Light Rain
05/02/2011,133,26,Light Rain
06/02/2011,0,26.1,No Rain
07/02/2011,402,25.3,Light Rain
08/02/2011,69,26.7,Light Rain
09/02/2011,66,26.6,No Rain
10/02/2011,219,25.9,No Rain
11/02/2011,99,27.7,No Rain
12/02/2011,39,27.6,No Rain
13/02/2011,15,26.7,No Rain
14/02/2011,204,27.5,No Rain
15/02/2011,99,26.8,No Rain
16/02/2011,0,27.1,No Rain
17/02/2011,0,27.5,No Rain
18/02/2011,252,28,No Rain
19/02/2011,303,27.6,No Rain
20/02/2011,0,27.7,No Rain
21/02/2011,60,26.8,Light Rain
22/02/2011,0,26.7,Heavy Rain
23/02/2011,0,27.6,Light Rain
24/02/2011,0,27.4,No Rain
25/02/2011,222,27.4,No Rain
26/02/2011,66,27.2,Light Rain
27/02/2011,0,26.9,No Rain
28/02/2011,63,26.9,No Rain
01/03/2011,54,28.2,No Rain
02/03/2011,138,28,No Rain
03/03/2011,102,27.1,No Rain
04/03/2011,111,25.6,Light Rain
06/03/2011,0,27.4,Light Rain
07/03/2011,255,27.4,No Rain
08/03/2011,66,26.6,No Rain
09/03/2011,159,27.2,No Rain
10/03/2011,108,27.5,No Rain
11/03/2011,141,27.1,No Rain
12/03/2011,3,27.7,No Rain
13/03/2011,0,28.3,No Rain
14/03/2011,114,28.4,No Rain
15/03/2011,315,28.4,No Rain
16/03/2011,15,28.4,No Rain
17/03/2011,0,30.1,No Rain
18/03/2011,0,28.2,No Rain
19/03/2011,0,29,No Rain
20/03/2011,0,28.4,No Rain
21/03/2011,78,28.9,Heavy Rain
22/03/2011,399,28.8,No Rain
23/03/2011,120,28.3,No Rain
24/03/2011,209.6667,27.4,Heavy Rain
25/03/2011,18,28.7,Light Rain
26/03/2011,141,27.7,Light Rain
27/03/2011,6,27.9,Light Rain
28/03/2011,90,28.4,Heavy Rain
29/03/2011,72,28.3,Heavy Rain
30/03/2011,9,27.9,Heavy Rain
31/03/2011,87,28.2,No Rain
01/04/2011,6,28.7,No Rain
02/04/2011,0,29.3,No Rain
03/04/2011,0,29.2,No Rain
04/04/2011,48,28.6,No Rain
05/04/2011,135,28.6,No Rain
06/04/2011,39,28.3,No Rain
07/04/2011,3,28.3,No Rain
08/04/2011,69,28.2,Light Rain
09/04/2011,0,27.8,No Rain
10/04/2011,0,28.4,Light Rain
11/04/2011,0,27.3,No Rain
12/04/2011,0,26.3,Heavy Rain
13/04/2011,0,27.3,Heavy Rain
14/04/2011,0,27.3,Light Rain
15/04/2011,0,28.1,No Rain
16/04/2011,0,27.8,No Rain
17/04/2011,0,27.3,No Rain
18/04/2011,42,26.9,Heavy Rain
19/04/2011,3,27.1,Light Rain
20/04/2011,99,27.1,Heavy Rain
21/04/2011,3,27.9,No Rain
22/04/2011,126,28.4,No Rain
23/04/2011,15,24.7,Heavy Rain
24/04/2011,18,26.8,Heavy Rain
25/04/2011,141,26.1,Heavy Rain
26/04/2011,48,26.7,Heavy Rain
27/04/2011,15,26.7,Light Rain
28/04/2011,27,27.4,Heavy Rain
29/04/2011,59,29.7,Light Rain
30/04/2011,186,29.2,No Rain
01/05/2011,0,29,Light Rain
02/05/2011,12,29.1,No Rain
03/05/2011,106,29.5,No Rain
04/05/2011,50,29.5,Light Rain
05/05/2011,176,29.6,No Rain
06/05/2011,6.1667,29.6,Light Rain
07/05/2011,246,29.8,No Rain
08/05/2011,0,29.7,No Rain
09/05/2011,102,28.9,Light Rain
10/05/2011,147,29.2,Light Rain
11/05/2011,630,28.9,No Rain
12/05/2011,99,28.8,Light Rain
13/05/2011,97,29,No Rain
14/05/2011,42,28.7,No Rain
15/05/2011,0,28.8,Light Rain
16/05/2011,0,28.8,No Rain
17/05/2011,0,28.2,No Rain
18/05/2011,0,28.9,Light Rain
19/05/2011,159,29.1,No Rain
20/05/2011,78,29.2,No Rain
21/05/2011,0,28.6,No Rain
22/05/2011,0,28.7,Heavy Rain
23/05/2011,108,29.4,Light Rain
24/05/2011,63,29.6,No Rain
25/05/2011,39,28.4,Heavy Rain
26/05/2011,93,28.8,Light Rain
27/05/2011,117,28.7,Light Rain
28/05/2011,0,28.4,Light Rain
29/05/2011,0,28.6,Light Rain
30/05/2011,657,28.1,Light Rain
31/05/2011,63,28.5,Light Rain
01/06/2011,33,27.1,Heavy Rain
02/06/2011,54,28.6,Light Rain
03/06/2011,36,28.9,No Rain
04/06/2011,0,27.9,Heavy Rain
05/06/2011,0,28.9,Light Rain
06/06/2011,9,27.2,Light Rain
07/06/2011,0,26.8,Heavy Rain
08/06/2011,9,28.2,Heavy Rain
14/06/2011,78,27.5,Heavy Rain
15/06/2011,0,27.7,Light Rain
16/06/2011,30,27.9,Light Rain
17/06/2011,3,28.9,Light Rain
18/06/2011,0,29.2,Light Rain
19/06/2011,0,29.2,No Rain
20/06/2011,408,29.1,No Rain
21/06/2011,384,29,No Rain
22/06/2011,24,28.8,No Rain
23/06/2011,96,29.1,No Rain
24/06/2011,15,28.9,No Rain
25/06/2011,21,28.8,No Rain
26/06/2011,0,28.8,No Rain
27/06/2011,57,29,No Rain
28/06/2011,93,27.3,No Rain
29/06/2011,87.1666,28.4,No Rain
30/06/2011,66,28.7,No Rain
01/07/2011,9,28.5,No Rain
02/07/2011,111,28.4,No Rain
03/07/2011,0,28.4,No Rain
04/07/2011,48,29,No Rain
05/07/2011,24,28.2,No Rain
06/07/2011,58,28,Light Rain
07/07/2011,156,28.4,No Rain
08/07/2011,123,28.4,No Rain
09/07/2011,49,28.3,No Rain
10/07/2011,0,28.3,No Rain
11/07/2011,120,28.3,No Rain
12/07/2011,57,27.9,No Rain
13/07/2011,4.0833,27.8,Light Rain
14/07/2011,0,27.6,No Rain
15/07/2011,0,28.2,No Rain
16/07/2011,0,24.9,Heavy Rain
17/07/2011,0,26.2,Heavy Rain
18/07/2011,0,26.3,Light Rain
19/07/2011,0,27.8,Light Rain
20/07/2011,87.1667,27.9,No Rain
21/07/2011,0,27.5,Light Rain
22/07/2011,0,27.9,Light Rain
23/07/2011,0,27.1,Light Rain
24/07/2011,0,28.2,No Rain
25/07/2011,66,28.1,No Rain
26/07/2011,195,28,No Rain
27/07/2011,156,28.1,No Rain
28/07/2011,108,28.1,No Rain
29/07/2011,24,28.1,No Rain
30/07/2011,111,27.2,Light Rain
31/07/2011,0,27.9,No Rain
01/08/2011,3,28.2,No Rain
02/08/2011,21,28.3,No Rain
03/08/2011,264,27.3,Light Rain
04/08/2011,57,27.4,Light Rain
05/08/2011,69,27.3,Light Rain
06/08/2011,117,26.7,Light Rain
07/08/2011,0,28.1,Light Rain
08/08/2011,3,28.5,No Rain
09/08/2011,30,28.2,No Rain
10/08/2011,147,28.3,No Rain
11/08/2011,3,27.9,Light Rain
12/08/2011,54,28.1,No Rain
13/08/2011,0,28.1,No Rain
14/08/2011,0,28.2,No Rain
15/08/2011,0,28,No Rain
16/08/2011,249,28.2,No Rain
17/08/2011,0,28.1,No Rain
18/08/2011,27,28.1,No Rain
19/08/2011,123,28.2,No Rain
20/08/2011,0,28.2,No Rain
21/08/2011,0,28.1,No Rain
22/08/2011,75,26.8,Heavy Rain
23/08/2011,111,28.4,Light Rain
24/08/2011,45,25.9,Heavy Rain
25/08/2011,159,27.6,Heavy Rain
26/08/2011,39,28.1,No Rain
27/08/2011,21,28.5,No Rain
28/08/2011,0,28.7,No Rain
29/08/2011,66,28.8,No Rain
30/08/2011,16,28,Light Rain
31/08/2011,18,27.2,Heavy Rain
01/09/2011,6,27.7,Light Rain
02/09/2011,60,28.1,Heavy Rain
03/09/2011,54,27,Light Rain
04/09/2011,0,28.2,Light Rain
05/09/2011,165,28.4,Light Rain
06/09/2011,167,28.6,No Rain
07/09/2011,180,28.1,Light Rain
08/09/2011,102,28.6,No Rain
09/09/2011,24,27.9,Light Rain
10/09/2011,39,27.2,Light Rain
11/09/2011,0,27.9,No Rain
12/09/2011,21,27.5,Light Rain
13/09/2011,207,27.7,Light Rain
14/09/2011,162,27.8,Light Rain
15/09/2011,111,27.7,Light Rain
16/09/2011,186,28.1,Light Rain
17/09/2011,0,28.4,Light Rain
18/09/2011,0,28.1,No Rain
19/09/2011,276,28.4,No Rain
20/09/2011,0,28.5,No Rain
21/09/2011,0,28,Light Rain
22/09/2011,153,28.4,Light Rain
23/09/2011,0,28.6,Light Rain
24/09/2011,0,28.5,No Rain
25/09/2011,0,28.1,No Rain
26/09/2011,0,28.4,No Rain
27/09/2011,0,28.7,No Rain
28/09/2011,0,28.6,No Rain
29/09/2011,0,28.9,No Rain
30/09/2011,15,28.6,No Rain
01/10/2011,0,28.7,No Rain
02/10/2011,0,28.3,No Rain
03/10/2011,0,28.8,Light Rain
04/10/2011,27,28,No Rain
05/10/2011,0,29.3,No Rain
06/10/2011,540,28.7,No Rain
07/10/2011,0,28.7,No Rain
08/10/2011,123,28.9,No Rain
09/10/2011,0,28.9,Light Rain
10/10/2011,0,28.4,No Rain
11/10/2011,0,28.9,No Rain
12/10/2011,27,27.8,Light Rain
13/10/2011,429,28.6,Light Rain
14/10/2011,366,27.8,Light Rain
15/10/2011,129,28.3,Light Rain
16/10/2011,0,28.7,No Rain
17/10/2011,9,28,Heavy Rain
18/10/2011,24.3334,28.3,Light Rain
19/10/2011,291,27.7,Light Rain
20/10/2011,120,26.9,Light Rain
21/10/2011,57,27.3,Light Rain
22/10/2011,249,26.8,Heavy Rain
23/10/2011,0,26.1,No Rain
24/10/2011,231,25.8,Heavy Rain
25/10/2011,297.5834,26.1,Heavy Rain
26/10/2011,12,26.9,Light Rain
27/10/2011,96,26,No Rain
28/10/2011,6,26.7,Light Rain
29/10/2011,75,26.3,Light Rain
30/10/2011,0,26.1,Light Rain
31/10/2011,0,26.7,Light Rain
01/11/2011,72,25.5,Heavy Rain
02/11/2011,0,26.1,Light Rain
03/11/2011,20,26.4,Heavy Rain
04/11/2011,87.6667,27.8,No Rain
05/11/2011,156,27.7,No Rain
06/11/2011,0,27.4,No Rain
07/11/2011,12,26.6,Light Rain
08/11/2011,36,27.9,Light Rain
09/11/2011,0,26.9,No Rain
10/11/2011,0,27.3,No Rain
11/11/2011,132,28.2,No Rain
12/11/2011,0,27.9,No Rain
13/11/2011,0,27.8,No Rain
14/11/2011,36,27.8,Light Rain
15/11/2011,48,27.9,No Rain
16/11/2011,63,28,No Rain
17/11/2011,12,28.1,No Rain
18/11/2011,159,27.7,No Rain
19/11/2011,108,27.6,Light Rain
20/11/2011,0,27.3,Light Rain
21/11/2011,159,26.3,Light Rain
22/11/2011,0,27.6,Heavy Rain
23/11/2011,0,27.1,Light Rain
24/11/2011,6,26.6,No Rain
25/11/2011,0,25.1,Light Rain
26/11/2011,0,26.8,Heavy Rain
27/11/2011,0,26.2,Light Rain
28/11/2011,0,26.5,Light Rain
29/11/2011,0,27.9,No Rain
30/11/2011,0,26.1,No Rain
01/12/2011,0,26.9,Heavy Rain
02/12/2011,0,26.8,Light Rain
03/12/2011,0,27.1,Light Rain
04/12/2011,0,27.5,No Rain
05/12/2011,0,27.6,No Rain
06/12/2011,0,27.9,No Rain
07/12/2011,0,27.9,No Rain
08/12/2011,0,26.9,No Rain
09/12/2011,0,27.6,No Rain
10/12/2011,0,27.3,No Rain
11/12/2011,0,26.7,No Rain
12/12/2011,0,25.9,Light Rain
13/12/2011,0,27.1,Heavy Rain
14/12/2011,0,26.4,Light Rain
15/12/2011,0,26.2,No Rain
16/12/2011,0,27.2,No Rain
17/12/2011,0,27.3,No Rain
18/12/2011,0,27.7,No Rain
19/12/2011,0,26.4,Light Rain
20/12/2011,0,25.6,Light Rain
21/12/2011,0,26.4,Light Rain
22/12/2011,0,26.1,Light Rain
23/12/2011,0,25.4,No Rain
24/12/2011,0,27.3,No Rain
25/12/2011,0,26.2,No Rain
26/12/2011,0,25.8,No Rain
27/12/2011,0,24.7,No Rain
28/12/2011,315,24.9,No Rain
29/12/2011,558,27.1,No Rain
30/12/2011,81,26.9,No Rain
31/12/2011,6,26.4,No Rain
01/01/2012,0,25.6,No Rain
02/01/2012,45,26.2,No Rain
03/01/2012,12,27.3,No Rain
04/01/2012,207,27.7,No Rain
05/01/2012,66,26.9,No Rain
06/01/2012,78,26.2,Light Rain
07/01/2012,78,26.4,Light Rain
08/01/2012,0,26.7,Heavy Rain
09/01/2012,48,26.7,Heavy Rain
10/01/2012,34,26.8,Heavy Rain
11/01/2012,126,27.3,No Rain
12/01/2012,210,27,No Rain
13/01/2012,30,27.8,No Rain
14/01/2012,63,26.7,No Rain
15/01/2012,0,26.1,No Rain
16/01/2012,18,25.6,No Rain
17/01/2012,167,25.7,No Rain
18/01/2012,102,24.4,No Rain
19/01/2012,60,25.6,No Rain
20/01/2012,24,26.5,No Rain
21/01/2012,75,26.2,No Rain
22/01/2012,0,26.3,No Rain
23/01/2012,103,26.8,No Rain
24/01/2012,204,26.5,No Rain
25/01/2012,325,26.5,No Rain
26/01/2012,78,26.6,No Rain
27/01/2012,87,27.1,No Rain
28/01/2012,33,27.3,No Rain
29/01/2012,0,26.9,No Rain
30/01/2012,126,26.4,No Rain
31/01/2012,258,26.9,No Rain
01/02/2012,27,27.9,No Rain
02/02/2012,273,28,Light Rain
03/02/2012,136,28.2,No Rain
04/02/2012,0,27.4,No Rain
05/02/2012,0,26.5,Light Rain
06/02/2012,0,26.8,Light Rain
07/02/2012,0,27.1,No Rain
08/02/2012,96,27.6,Light Rain
09/02/2012,96,27.4,No Rain
10/02/2012,93,27.5,Light Rain
11/02/2012,87,27.8,No Rain
12/02/2012,0,28.2,No Rain
13/02/2012,267,27.1,No Rain
14/02/2012,0,26.2,No Rain
15/02/2012,0,25.9,Heavy Rain
16/02/2012,0,26.9,Light Rain
17/02/2012,0,27.5,No Rain
18/02/2012,84,27.3,Heavy Rain
19/02/2012,0,27.3,No Rain
20/02/2012,465,27.3,No Rain
21/02/2012,171,27.1,No Rain
22/02/2012,198,26.1,No Rain
23/02/2012,243,26.6,No Rain
24/02/2012,177,27.2,No Rain
25/02/2012,0,27.3,No Rain
26/02/2012,0,27.3,No Rain
27/02/2012,0,26.3,No Rain
28/02/2012,0,26.4,Heavy Rain
29/02/2012,0,27.3,Light Rain
01/03/2012,30,27.8,No Rain
02/03/2012,61,28.4,No Rain
03/03/2012,12,28.5,No Rain
04/03/2012,0,28.3,No Rain
05/03/2012,80,28.3,No Rain
06/03/2012,96,28.4,No Rain
07/03/2012,0,28.4,No Rain
08/03/2012,60,28.5,No Rain
09/03/2012,18,28.4,No Rain
10/03/2012,45,28.2,No Rain
11/03/2012,0,28.2,Light Rain
12/03/2012,15,28.4,No Rain
13/03/2012,12,27.1,No Rain
14/03/2012,90.8333,27.6,No Rain
15/03/2012,0,26.9,Heavy Rain
16/03/2012,42,27.4,No Rain
17/03/2012,12,27,Light Rain
18/03/2012,0,28.1,No Rain
19/03/2012,29.1667,28.4,No Rain
20/03/2012,361.6667,28.4,No Rain
21/03/2012,87,27.9,No Rain
22/03/2012,27,27.9,No Rain
23/03/2012,231,28.4,No Rain
24/03/2012,24,28.5,No Rain
25/03/2012,0,28.1,No Rain
26/03/2012,68,28.2,No Rain
27/03/2012,216,28.5,Light Rain
28/03/2012,105,27.8,No Rain
29/03/2012,81,27.3,Light Rain
30/03/2012,130,28.4,Heavy Rain
31/03/2012,273,28.4,No Rain
01/04/2012,0,27.7,Heavy Rain
02/04/2012,150,27.9,Light Rain
03/04/2012,66,27.7,No Rain
04/04/2012,21,28.4,No Rain
05/04/2012,36,28.9,No Rain
06/04/2012,0,29.3,No Rain
07/04/2012,0,28.9,No Rain
08/04/2012,0,27.4,No Rain
09/04/2012,27,27.4,No Rain
10/04/2012,3,27.3,Heavy Rain
11/04/2012,0,27.9,Light Rain
12/04/2012,0,25.8,Heavy Rain
13/04/2012,0,27.8,No Rain
14/04/2012,0,27.3,No Rain
15/04/2012,0,26.1,Heavy Rain
16/04/2012,0,27.3,Heavy Rain
17/04/2012,0,28,Heavy Rain
18/04/2012,0,27,Light Rain
19/04/2012,9,28.1,Heavy Rain
20/04/2012,126,26.6,No Rain
21/04/2012,3,27.3,Heavy Rain
22/04/2012,0,27.5,No Rain
23/04/2012,65,25.8,Light Rain
24/04/2012,54,26.5,Heavy Rain
25/04/2012,15,26.4,Heavy Rain
26/04/2012,27,26.8,Light Rain
27/04/2012,15,27.7,Light Rain
28/04/2012,3,28.4,Light Rain
29/04/2012,0,28.6,Light Rain
30/04/2012,34,27.4,Heavy Rain
01/05/2012,0,28.7,Heavy Rain
02/05/2012,162,28.5,No Rain
03/05/2012,12,28.9,No Rain
04/05/2012,75,29.3,No Rain
05/05/2012,0,29.4,No Rain
06/05/2012,0,29.6,No Rain
07/05/2012,0,29.6,No Rain
08/05/2012,102,29.6,No Rain
09/05/2012,48,29.5,No Rain
10/05/2012,180,29.4,No Rain
11/05/2012,18,29.4,No Rain
12/05/2012,82.0833,29.4,No Rain
13/05/2012,0,29.2,No Rain
14/05/2012,51,29.8,Light Rain
15/05/2012,99,29.4,No Rain
16/05/2012,150,29.3,No Rain
17/05/2012,213,29.2,No Rain
18/05/2012,0,29.8,No Rain
19/05/2012,69,29.9,No Rain
20/05/2012,0,30,No Rain
21/05/2012,12,30.1,No Rain
22/05/2012,105,29.7,Light Rain
23/05/2012,69,29.7,Light Rain
24/05/2012,102,29.4,Light Rain
25/05/2012,0,28.1,Heavy Rain
26/05/2012,33,27.4,Light Rain
27/05/2012,0,28.8,Light Rain
28/05/2012,105,28.4,Heavy Rain
29/05/2012,30,29.2,No Rain
30/05/2012,39,29.1,Light Rain
31/05/2012,222,29.1,No Rain
01/06/2012,87,29.4,No Rain
02/06/2012,0,29.3,No Rain
03/06/2012,0,29.1,No Rain
04/06/2012,0,28.7,Light Rain
05/06/2012,144,28.9,Light Rain
06/06/2012,18,26.7,Light Rain
07/06/2012,162,28.6,Heavy Rain
08/06/2012,84,29.1,Light Rain
09/06/2012,36,29.1,No Rain
10/06/2012,0,29.1,No Rain
11/06/2012,78,29.2,No Rain
12/06/2012,45,28.9,No Rain
13/06/2012,21,27.1,Light Rain
14/06/2012,69,26.8,Heavy Rain
15/06/2012,132,28.4,No Rain
16/06/2012,25,28.9,No Rain
17/06/2012,0,28.8,No Rain
18/06/2012,213,27.9,Light Rain
19/06/2012,30,28.1,No Rain
20/06/2012,21,28.6,Light Rain
21/06/2012,150,28.3,No Rain
22/06/2012,33,28.6,Light Rain
23/06/2012,63.9171,27.7,No Rain
24/06/2012,0,28.7,Light Rain
25/06/2012,0,27.7,Light Rain
26/06/2012,0,28.1,Light Rain
27/06/2012,0,28,Light Rain
28/06/2012,0,27.6,Light Rain
29/06/2012,0,28.3,No Rain
30/06/2012,0,27.7,Light Rain
01/07/2012,0,27.4,Light Rain
02/07/2012,0,26.9,Light Rain
03/07/2012,0,28,Light Rain
04/07/2012,0,28.5,Light Rain
05/07/2012,0,28.7,No Rain
06/07/2012,0,28.7,No Rain
07/07/2012,0,28.3,Light Rain
08/07/2012,0,28.4,Light Rain
09/07/2012,0,26.7,No Rain
10/07/2012,24,27.1,Light Rain
11/07/2012,8,27.5,Light Rain
12/07/2012,108,28.1,No Rain
13/07/2012,187,27.8,No Rain
14/07/2012,276,27.6,No Rain
15/07/2012,0,27.8,No Rain
16/07/2012,264,27.7,No Rain
17/07/2012,267,28.1,No Rain
18/07/2012,0,28.2,No Rain
19/07/2012,45,28.2,No Rain
20/07/2012,0,28.6,No Rain
21/07/2012,0,28.5,No Rain
22/07/2012,0,28.8,No Rain
23/07/2012,0,28.6,No Rain
24/07/2012,0,28.4,Light Rain
25/07/2012,0,28.3,No Rain
26/07/2012,0,28.5,No Rain
27/07/2012,0,28.4,No Rain
28/07/2012,0,28.2,No Rain
29/07/2012,0,28.4,No Rain
30/07/2012,6,28.3,No Rain
31/07/2012,51,28.4,No Rain
01/08/2012,0,28.5,No Rain
02/08/2012,6,28.6,No Rain
03/08/2012,0,28.4,No Rain
04/08/2012,78,28.2,No Rain
05/08/2012,0,28.5,Light Rain
06/08/2012,441,28.2,Light Rain
07/08/2012,0,28.1,No Rain
08/08/2012,0,27.8,Light Rain
09/08/2012,0,28.2,Light Rain
10/08/2012,54,27.5,Light Rain
11/08/2012,267,26.7,Heavy Rain
12/08/2012,0,27.5,Light Rain
13/08/2012,252,28.3,No Rain
14/08/2012,69,28.3,No Rain
15/08/2012,112,28.1,Light Rain
16/08/2012,39,27.8,Heavy Rain
17/08/2012,0,27.6,Light Rain
18/08/2012,103,28.7,Light Rain
19/08/2012,0,27.9,No Rain
20/08/2012,107,28.2,No Rain
21/08/2012,36,27.2,No Rain
22/08/2012,84,27.3,Light Rain
23/08/2012,75,27.6,No Rain
24/08/2012,90,26.5,Heavy Rain
25/08/2012,30,26.9,Light Rain
26/08/2012,0,28.1,Light Rain
27/08/2012,27,28.1,No Rain
28/08/2012,132,28,Light Rain
29/08/2012,36,25.9,Light Rain
30/08/2012,177,25.7,Heavy Rain
31/08/2012,0,27.1,Light Rain
01/09/2012,0,27.3,Heavy Rain
02/09/2012,0,27.6,Light Rain
03/09/2012,138,27.6,No Rain
04/09/2012,111,25.2,Light Rain
05/09/2012,36,27.8,Light Rain
06/09/2012,306,27.4,Light Rain
07/09/2012,33,25.8,Heavy Rain
08/09/2012,132,28.1,Light Rain
09/09/2012,0,27.6,Light Rain
10/09/2012,81,28.4,No Rain
11/09/2012,33,28.5,Light Rain
12/09/2012,0,28.5,No Rain
13/09/2012,0,28.9,Light Rain
14/09/2012,0,28.3,Light Rain
15/09/2012,0,28.4,No Rain
16/09/2012,0,27.8,No Rain
17/09/2012,39,28.6,No Rain
18/09/2012,81,28.3,Light Rain
19/09/2012,369,28.3,Light Rain
20/09/2012,30,27.3,Light Rain
21/09/2012,60,27.9,No Rain
22/09/2012,0,26.4,Light Rain
23/09/2012,0,27.1,Heavy Rain
24/09/2012,60.3333,26.6,Light Rain
25/09/2012,168,27.6,No Rain
26/09/2012,51,28.6,No Rain
27/09/2012,230.5,28.3,No Rain
28/09/2012,372,28.7,Light Rain
29/09/2012,0,28.9,Light Rain
30/09/2012,0,28.8,No Rain
01/10/2012,147,27.9,No Rain
02/10/2012,96,28.3,Light Rain
03/10/2012,147,28.6,No Rain
04/10/2012,135,28.6,No Rain
05/10/2012,53.8333,28.3,No Rain
06/10/2012,0,28.9,No Rain
07/10/2012,0,28.9,No Rain
08/10/2012,0,28.6,No Rain
09/10/2012,0,27.8,Heavy Rain
10/10/2012,30,27.9,Heavy Rain
11/10/2012,0,28.3,No Rain
12/10/2012,0,28.3,No Rain
13/10/2012,0,28,Light Rain
14/10/2012,0,27.4,No Rain
15/10/2012,0,25.6,Light Rain
16/10/2012,3,26.8,Heavy Rain
17/10/2012,9,26.6,Light Rain
18/10/2012,0,25.8,Light Rain
19/10/2012,0,26.4,Heavy Rain
20/10/2012,0,26.9,Light Rain
21/10/2012,0,26.9,No Rain
22/10/2012,54,25.9,Light Rain
23/10/2012,0,26,Light Rain
24/10/2012,0,26.2,Heavy Rain
25/10/2012,0,27.1,Heavy Rain
26/10/2012,0,27.4,Light Rain
27/10/2012,3,27.6,Heavy Rain
28/10/2012,0,26.1,Light Rain
29/10/2012,0,24.8,Heavy Rain
30/10/2012,0,26.4,Heavy Rain
31/10/2012,0,26.6,Heavy Rain
01/11/2012,0,24.6,Light Rain
02/11/2012,0,27,Heavy Rain
03/11/2012,0,27.1,No Rain
04/11/2012,0,27.9,No Rain
05/11/2012,0,27.2,No Rain
06/11/2012,0,26.9,Light Rain
07/11/2012,549,26.5,No Rain
08/11/2012,615,26.2,Light Rain
09/11/2012,42,26.8,No Rain
10/11/2012,93,26.1,Heavy Rain
11/11/2012,0,26.7,Heavy Rain
12/11/2012,128,27.4,No Rain
13/11/2012,54,27.7,No Rain
14/11/2012,42,27,Light Rain
15/11/2012,12,26.3,Light Rain
16/11/2012,90,27.2,Light Rain
17/11/2012,30,27.7,No Rain
18/11/2012,0,27.8,No Rain
19/11/2012,0,27.7,No Rain
20/11/2012,0,27.7,No Rain
21/11/2012,0,28.1,No Rain
22/11/2012,0,28.4,No Rain
23/11/2012,0,27.9,No Rain
24/11/2012,0,26.6,Light Rain
25/11/2012,0,26.6,Heavy Rain
26/11/2012,0,27.2,Light Rain
27/11/2012,0,26.7,Light Rain
28/11/2012,0,27.6,Heavy Rain
29/11/2012,0,27.4,No Rain
30/11/2012,15,27,No Rain
01/12/2012,0,27.1,No Rain
02/12/2012,0,27,No Rain
03/12/2012,0,27.1,No Rain
04/12/2012,612,27.1,Heavy Rain
05/12/2012,87,27.9,Light Rain
06/12/2012,468,27.6,No Rain
07/12/2012,72.8333,27.4,Light Rain
08/12/2012,60,26.9,No Rain
09/12/2012,0,27.4,No Rain
10/12/2012,177,27.2,No Rain
11/12/2012,279,27.1,No Rain
12/12/2012,6,27.2,No Rain
13/12/2012,33,27.6,No Rain
14/12/2012,30,27.8,No Rain
15/12/2012,111,26.7,No Rain
16/12/2012,0,26.3,No Rain
17/12/2012,108,24.4,Heavy Rain
18/12/2012,0,25.1,Heavy Rain
19/12/2012,138,25.7,No Rain
20/12/2012,53,26.2,No Rain
21/12/2012,101,25.9,Light Rain
22/12/2012,39,25.4,Light Rain
23/12/2012,0,26.8,Light Rain
24/12/2012,48,27.4,No Rain
25/12/2012,0,26.9,Light Rain
26/12/2012,18,26.7,Heavy Rain
27/12/2012,0,24.9,No Rain
28/12/2012,288,26.9,Heavy Rain
29/12/2012,0,27.2,Light Rain
30/12/2012,0,27.1,Light Rain
31/12/2012,21,27.9,Light Rain
01/01/2013,0,27.8,No Rain
02/01/2013,24,27.5,No Rain
03/01/2013,33,25.9,No Rain
04/01/2013,3,25.1,Light Rain
05/01/2013,42,26.8,Light Rain
06/01/2013,0,25.9,No Rain
07/01/2013,36,25,Light Rain
08/01/2013,65,26.5,Heavy Rain
09/01/2013,0,27,Heavy Rain
10/01/2013,9,24.9,Light Rain
11/01/2013,6,26.1,Light Rain
12/01/2013,12,26.9,No Rain
13/01/2013,0,25.4,No Rain
14/01/2013,0,25.7,No Rain
15/01/2013,190,26.4,No Rain
16/01/2013,241.4167,27.1,No Rain
17/01/2013,0,26.8,No Rain
18/01/2013,0,26.4,No Rain
19/01/2013,0,26.7,No Rain
20/01/2013,0,27.2,No Rain
21/01/2013,0,28.1,No Rain
22/01/2013,0,27.7,No Rain
23/01/2013,0,26.6,No Rain
24/01/2013,0,26.8,Light Rain
25/01/2013,0,27.2,No Rain
26/01/2013,0,27.5,No Rain
27/01/2013,0,28.1,No Rain
28/01/2013,111,28.4,No Rain
29/01/2013,297,27.8,No Rain
30/01/2013,327,27.3,No Rain
31/01/2013,69,27.5,No Rain
01/02/2013,0,27.5,No Rain
02/02/2013,0,27.8,No Rain
03/02/2013,0,28,No Rain
04/02/2013,0,27.1,No Rain
05/02/2013,6,27.3,No Rain
06/02/2013,24,26.6,No Rain
07/02/2013,0,26.3,Heavy Rain
08/02/2013,0,27.4,Light Rain
09/02/2013,0,27.1,Light Rain
10/02/2013,0,27.9,Heavy Rain
11/02/2013,27,27.5,No Rain
12/02/2013,903,25.9,No Rain
13/02/2013,186,26,No Rain
14/02/2013,0,26.3,Heavy Rain
15/02/2013,243,27.1,Heavy Rain
16/02/2013,0,27.6,Light Rain
17/02/2013,0,27.6,No Rain
18/02/2013,75,27.6,No Rain
19/02/2013,36,26.6,No Rain
20/02/2013,0,26.8,Heavy Rain
21/02/2013,288,27.7,No Rain
22/02/2013,186,27.8,No Rain
23/02/2013,133,27.4,No Rain
24/02/2013,0,27.6,No Rain
25/02/2013,0,27.5,No Rain
26/02/2013,339,27.6,No Rain
27/02/2013,228,27.1,No Rain
28/02/2013,147,27.3,No Rain
01/03/2013,126,27.8,No Rain
02/03/2013,15,27.5,No Rain
03/03/2013,21,27.9,No Rain
04/03/2013,90,26.9,No Rain
05/03/2013,222,28.2,No Rain
06/03/2013,180,28.4,Light Rain
07/03/2013,24,27,Heavy Rain
08/03/2013,0,26.9,Heavy Rain
09/03/2013,0,27.2,Heavy Rain
10/03/2013,0,28.4,No Rain
11/03/2013,87,28.8,No Rain
12/03/2013,36,28.6,No Rain
13/03/2013,174,28.7,No Rain
14/03/2013,147,28.2,No Rain
15/03/2013,15,27.3,Light Rain
16/03/2013,0,28.4,Light Rain
17/03/2013,0,27.9,No Rain
18/03/2013,30,28.3,Light Rain
19/03/2013,81,28.1,No Rain
20/03/2013,63,28.7,No Rain
21/03/2013,93,28.6,No Rain
22/03/2013,282,27.7,No Rain
23/03/2013,9,28.1,No Rain
24/03/2013,0,26.7,Light Rain
25/03/2013,60,26.5,Heavy Rain
26/03/2013,0,27.3,Light Rain
27/03/2013,53,27.9,No Rain
28/03/2013,36,29,No Rain
29/03/2013,6,28.4,Light Rain
30/03/2013,30,29.4,No Rain
31/03/2013,0,29.7,Light Rain
01/04/2013,9,29.1,No Rain
02/04/2013,0,28.9,No Rain
03/04/2013,6,29.5,No Rain
04/04/2013,57,28.4,Heavy Rain
05/04/2013,6,28.8,No Rain
06/04/2013,1,29.6,Light Rain
07/04/2013,0,29.7,No Rain
08/04/2013,12,29.6,No Rain
09/04/2013,45.75,29,No Rain
10/04/2013,60,27.5,Heavy Rain
11/04/2013,0,28.7,No Rain
12/04/2013,0,29.4,No Rain
13/04/2013,0,29.1,Light Rain
14/04/2013,0,29.4,No Rain
15/04/2013,0,27.2,Light Rain
16/04/2013,0,29.1,Heavy Rain
17/04/2013,0,30.1,No Rain
18/04/2013,0,30.2,No Rain
19/04/2013,0,29.8,No Rain
20/04/2013,0,29.9,No Rain
21/04/2013,0,29.6,No Rain
22/04/2013,189,29.3,No Rain
23/04/2013,185,28.7,No Rain
24/04/2013,27,29.4,Light Rain
25/04/2013,0,29.1,No Rain
26/04/2013,9,28.7,No Rain
27/04/2013,27,29.2,Light Rain
28/04/2013,18,29.6,No Rain
29/04/2013,44,29.9,No Rain
30/04/2013,70,28.8,No Rain
01/05/2013,0,28.3,Light Rain
02/05/2013,30,29.4,Light Rain
03/05/2013,15,26.5,Light Rain
04/05/2013,0,27.5,Light Rain
05/05/2013,0,27.6,Light Rain
06/05/2013,75,25.9,Heavy Rain
07/05/2013,303,27.9,Heavy Rain
08/05/2013,86,29,Light Rain
09/05/2013,90,30.1,Light Rain
10/05/2013,30,30.3,No Rain
11/05/2013,120,30.4,No Rain
12/05/2013,0,29.8,Light Rain
13/05/2013,6,28.7,Light Rain
14/05/2013,99,29.8,Light Rain
15/05/2013,125,29.4,No Rain
16/05/2013,150,29.7,No Rain
17/05/2013,9,29.8,Light Rain
18/05/2013,6,29.7,No Rain
19/05/2013,0,28.9,No Rain
20/05/2013,246,25.9,Heavy Rain
21/05/2013,54,27.8,Heavy Rain
22/05/2013,0,28.9,No Rain
23/05/2013,0,28.9,Light Rain
24/05/2013,0,28.9,Light Rain
25/05/2013,0,28.6,Light Rain
26/05/2013,0,28.7,Light Rain
27/05/2013,24,29.1,Light Rain
28/05/2013,93,28.9,Light Rain
29/05/2013,162,28.4,Light Rain
30/05/2013,102,28.6,Light Rain
31/05/2013,66,26.1,Heavy Rain
01/06/2013,0,26.6,Light Rain
02/06/2013,0,26.9,Heavy Rain
03/06/2013,42,28,Heavy Rain
04/06/2013,6,28.4,Light Rain
05/06/2013,9,28.4,Light Rain
06/06/2013,90,28.2,Light Rain
07/06/2013,192,28.1,Light Rain
08/06/2013,18,24.9,Heavy Rain
09/06/2013,0,27.6,Light Rain
10/06/2013,66,28.5,No Rain
11/06/2013,133,27.7,No Rain
12/06/2013,14,26.3,Heavy Rain
13/06/2013,245,27.5,Light Rain
14/06/2013,175,28.5,No Rain
15/06/2013,9,27.9,Light Rain
16/06/2013,3,28.1,No Rain
17/06/2013,51,26.2,Light Rain
18/06/2013,78,27.5,Heavy Rain
19/06/2013,42,27.8,Light Rain
20/06/2013,72,27.7,Light Rain
21/06/2013,54,28,No Rain
22/06/2013,3,27.8,No Rain
23/06/2013,0,27.7,No Rain
24/06/2013,57,28,Heavy Rain
25/06/2013,174,26.1,Heavy Rain
26/06/2013,165,26.9,Heavy Rain
27/06/2013,0,28.1,No Rain
28/06/2013,87,26.4,Light Rain
29/06/2013,69,27.3,Heavy Rain
30/06/2013,0,27.4,No Rain
01/07/2013,66,27.4,Light Rain
02/07/2013,54,28,Light Rain
03/07/2013,99,28.2,Light Rain
04/07/2013,3,28.6,No Rain
05/07/2013,40,28.5,Light Rain
06/07/2013,63,28.2,No Rain
07/07/2013,30,27.9,Light Rain
08/07/2013,0,27.8,No Rain
09/07/2013,0,27.4,Light Rain
10/07/2013,162,26.8,Light Rain
11/07/2013,0,27.7,Light Rain
12/07/2013,18,27.9,No Rain
13/07/2013,123,28.1,No Rain
14/07/2013,0,28.1,No Rain
15/07/2013,120,28,Light Rain
16/07/2013,24,27.8,No Rain
17/07/2013,84,27.8,Light Rain
18/07/2013,204,25.8,Heavy Rain
19/07/2013,72,27.3,Light Rain
20/07/2013,48,27.3,Light Rain
21/07/2013,0,27.9,Light Rain
22/07/2013,0,26.1,Light Rain
23/07/2013,87,25.3,Heavy Rain
24/07/2013,213,25.5,Light Rain
25/07/2013,57,26.5,Heavy Rain
26/07/2013,99,24.3,Heavy Rain
27/07/2013,12,27.4,Heavy Rain
28/07/2013,0,27.7,No Rain
29/07/2013,6,28.1,No Rain
30/07/2013,57,28.2,No Rain
31/07/2013,45,28.2,No Rain
01/08/2013,300,28.2,Light Rain
02/08/2013,0,27.2,Light Rain
03/08/2013,0,28.2,No Rain
04/08/2013,0,27,No Rain
05/08/2013,78,27.2,No Rain
06/08/2013,63,27.4,No Rain
07/08/2013,117,27.7,No Rain
08/08/2013,78,27.3,No Rain
09/08/2013,78,27.1,No Rain
10/08/2013,0,26.7,No Rain
11/08/2013,0,26.9,Light Rain
12/08/2013,144,27.1,No Rain
13/08/2013,26,27.3,No Rain
14/08/2013,27,27.4,No Rain
15/08/2013,0,27.7,No Rain
16/08/2013,60,27.7,Light Rain
17/08/2013,0,27.8,No Rain
18/08/2013,0,27.8,No Rain
19/08/2013,0,28,Light Rain
20/08/2013,6,28.1,No Rain
21/08/2013,13,27.7,Light Rain
22/08/2013,97.5833,27.9,No Rain
23/08/2013,0,28.3,No Rain
24/08/2013,0,27.8,No Rain
25/08/2013,0,28.2,No Rain
26/08/2013,165,28,No Rain
27/08/2013,135,28.2,No Rain
28/08/2013,123,27.8,No Rain
29/08/2013,39,27.3,Light Rain
30/08/2013,144,27.8,Light Rain
31/08/2013,93,28.2,Light Rain
01/09/2013,0,27.7,Light Rain
02/09/2013,3,26.5,Heavy Rain
03/09/2013,294,26.7,Heavy Rain
04/09/2013,40,27.1,No Rain
05/09/2013,60,25.7,Light Rain
06/09/2013,57,24.9,Heavy Rain
07/09/2013,15,26.9,Light Rain
08/09/2013,0,27.7,Light Rain
10/09/2013,30,27.8,No Rain
11/09/2013,0,26.7,Light Rain
12/09/2013,0,26.6,Heavy Rain
13/09/2013,0,26.8,Heavy Rain
14/09/2013,0,27.7,Light Rain
15/09/2013,0,28.2,No Rain
16/09/2013,63,26.6,Heavy Rain
17/09/2013,273,25.9,Heavy Rain
18/09/2013,0,26.4,Light Rain
19/09/2013,0,27.6,Light Rain
20/09/2013,9,28.2,Light Rain
21/09/2013,3,28.2,No Rain
22/09/2013,0,28.2,No Rain
23/09/2013,105,28.1,No Rain
24/09/2013,111,28,No Rain
25/09/2013,126,28.1,No Rain
26/09/2013,156,28.1,No Rain
27/09/2013,368,28,No Rain
28/09/2013,54,28.5,No Rain
29/09/2013,0,28.6,No Rain
30/09/2013,66,28.5,No Rain
01/10/2013,150,28.4,Light Rain
02/10/2013,159,28.7,No Rain
03/10/2013,3,28.7,No Rain
04/10/2013,9,27.9,Light Rain
05/10/2013,6,27.3,Light Rain
06/10/2013,0,27.9,Light Rain
07/10/2013,180,28.2,Light Rain
08/10/2013,153,28.2,Light Rain
09/10/2013,36,28.7,No Rain
10/10/2013,63,27.8,Light Rain
11/10/2013,0,28.2,Light Rain
12/10/2013,72,28.4,Light Rain
13/10/2013,0,28.2,Light Rain
14/10/2013,201,28.3,Light Rain
15/10/2013,93,28.4,Light Rain
16/10/2013,84,28,No Rain
17/10/2013,39,26.7,Heavy Rain
18/10/2013,0,25.9,Light Rain
19/10/2013,0,25.8,Heavy Rain
20/10/2013,0,26.9,Heavy Rain
21/10/2013,3,27.7,No Rain
22/10/2013,318,28.2,Light Rain
23/10/2013,114,28.4,Light Rain
24/10/2013,0,27.8,Light Rain
25/10/2013,69,27.7,Light Rain
26/10/2013,0,27.6,No Rain
27/10/2013,0,27.8,Light Rain
28/10/2013,0,27.4,No Rain
29/10/2013,30,27.6,No Rain
30/10/2013,0,27.1,No Rain
31/10/2013,0.25,26.3,Light Rain
01/11/2013,0.8333,27.1,Light Rain
02/11/2013,3,25.9,Light Rain
03/11/2013,0,27.1,Heavy Rain
04/11/2013,24,27.1,Light Rain
05/11/2013,0,26.8,Light Rain
06/11/2013,0,27.1,Light Rain
07/11/2013,0,26.9,No Rain
08/11/2013,0,27.5,Light Rain
09/11/2013,0,27.6,Light Rain
10/11/2013,0,26.8,Heavy Rain
11/11/2013,25,27.9,Light Rain
12/11/2013,3,27.7,Light Rain
13/11/2013,3,26.6,Light Rain
14/11/2013,0,27,No Rain
15/11/2013,0,27.4,No Rain
16/11/2013,0,27.7,No Rain
17/11/2013,0,27.6,No Rain
18/11/2013,642,27.2,No Rain
19/11/2013,399,26.4,No Rain
20/11/2013,36,27.5,Heavy Rain
21/11/2013,56,27.8,No Rain
22/11/2013,21,27.5,No Rain
23/11/2013,0,26.8,Heavy Rain
24/11/2013,0,26.4,Light Rain
25/11/2013,141,27,Light Rain
26/11/2013,136,26.9,No Rain
27/11/2013,30,27.2,No Rain
28/11/2013,210,27.3,No Rain
29/11/2013,0,27.3,No Rain
30/11/2013,3,26.1,Heavy Rain
01/12/2013,0,26,Heavy Rain
02/12/2013,0,26.8,Light Rain
03/12/2013,0,26.9,No Rain
04/12/2013,0,27.1,No Rain
05/12/2013,0,25.6,Heavy Rain
06/12/2013,0,26.8,No Rain
07/12/2013,0,26.8,No Rain
08/12/2013,0,27.3,No Rain
09/12/2013,0,27.2,No Rain
10/12/2013,0,27,No Rain
11/12/2013,15,27.1,No Rain
12/12/2013,0,27.7,No Rain
13/12/2013,298,26.3,Heavy Rain
14/12/2013,1.9167,26.4,No Rain
15/12/2013,0,25.8,Light Rain
16/12/2013,0,26.2,Light Rain
17/12/2013,423,26.3,No Rain
18/12/2013,402,27.5,No Rain
19/12/2013,105,25.9,No Rain
20/12/2013,17,27.3,No Rain
21/12/2013,36,27,No Rain
22/12/2013,0,27.2,No Rain
23/12/2013,18,27.4,No Rain
24/12/2013,165,27.3,No Rain
25/12/2013,0,26.9,No Rain
26/12/2013,0,26,No Rain
27/12/2013,0,26.6,No Rain
28/12/2013,0,27,No Rain
29/12/2013,0,26.5,No Rain
30/12/2013,100,26.4,No Rain
31/12/2013,0,27.8,No Rain
01/01/2014,0,27.8,No Rain
02/01/2014,63,27.1,No Rain
03/01/2014,0,26.9,No Rain
04/01/2014,0,26.4,No Rain
05/01/2014,0,26.1,No Rain
06/01/2014,300,26.5,No Rain
07/01/2014,240,26.3,Light Rain
08/01/2014,234,27.3,No Rain
09/01/2014,81,27.2,No Rain
10/01/2014,126,26.7,Heavy Rain
11/01/2014,261,27,No Rain
12/01/2014,0,25.8,No Rain
13/01/2014,0,26.9,Light Rain
14/01/2014,0,27,No Rain
15/01/2014,0,25.9,No Rain
16/01/2014,105,25.4,Light Rain
17/01/2014,24,27.3,Light Rain
18/01/2014,63,26.3,No Rain
19/01/2014,0,27.3,No Rain
20/01/2014,195,27,No Rain
21/01/2014,171,27.8,No Rain
22/01/2014,336,27.5,No Rain
23/01/2014,75,27.1,No Rain
24/01/2014,84,27.1,No Rain
25/01/2014,203,27.3,No Rain
26/01/2014,0,26.8,No Rain
27/01/2014,114,27.2,No Rain
28/01/2014,174,27.1,No Rain
29/01/2014,118,26.7,Light Rain
30/01/2014,216,27.7,No Rain
31/01/2014,255,27.9,No Rain
01/02/2014,150,28.6,No Rain
02/02/2014,0,29.1,No Rain
03/02/2014,73.3333,27.9,No Rain
04/02/2014,0,27.1,No Rain
05/02/2014,126,26.6,No Rain
06/02/2014,60,26.3,No Rain
07/02/2014,60,26.9,No Rain
08/02/2014,33,26.4,No Rain
09/02/2014,0,26.2,No Rain
10/02/2014,174,25.3,No Rain
11/02/2014,246,25.7,No Rain
12/02/2014,118,26.2,No Rain
13/02/2014,127,26.6,No Rain
14/02/2014,0,27.3,No Rain
15/02/2014,20,27.3,No Rain
16/02/2014,0,27.2,No Rain
17/02/2014,36,27.6,No Rain
18/02/2014,45,28.3,No Rain
19/02/2014,15,28.2,No Rain
20/02/2014,96,27.5,No Rain
21/02/2014,135,27.6,Light Rain
22/02/2014,60,27.7,No Rain
23/02/2014,0,26.6,No Rain
24/02/2014,186,27.9,Heavy Rain
25/02/2014,87,28.4,No Rain
26/02/2014,108,28.1,No Rain
27/02/2014,60,27.5,No Rain
28/02/2014,42,27.9,No Rain
01/03/2014,0,28.4,No Rain
02/03/2014,0,28.5,No Rain
03/03/2014,111,28.9,No Rain
04/03/2014,93,28.6,No Rain
05/03/2014,3,27.8,No Rain
06/03/2014,75,27.2,Heavy Rain
07/03/2014,84,26.1,Light Rain
08/03/2014,3,28.1,Heavy Rain
09/03/2014,0,28.9,No Rain
10/03/2014,57,28.5,No Rain
11/03/2014,27,28.6,No Rain
12/03/2014,18,28.4,No Rain
13/03/2014,57,28.3,No Rain
14/03/2014,30,27.8,No Rain
15/03/2014,246,27.8,No Rain
16/03/2014,6,28.2,No Rain
17/03/2014,135,28.1,No Rain
18/03/2014,171,27.3,Light Rain
19/03/2014,204,27.3,Light Rain
20/03/2014,66,27.9,No Rain
21/03/2014,102,28.9,No Rain
22/03/2014,206,28.3,Light Rain
23/03/2014,0,29.1,No Rain
24/03/2014,12,28.5,No Rain
25/03/2014,33,28.6,Light Rain
26/03/2014,90,29.1,No Rain
27/03/2014,108,28.1,No Rain
28/03/2014,36,28.6,No Rain
29/03/2014,30,28.9,No Rain
30/03/2014,84,29,No Rain
31/03/2014,63,28.4,No Rain
01/04/2014,12,29.2,No Rain
02/04/2014,150,29.5,No Rain
03/04/2014,6,28.8,No Rain
04/04/2014,6,27.8,Heavy Rain
05/04/2014,15,27.1,Light Rain
06/04/2014,0,27.1,Light Rain
07/04/2014,24,28.4,Light Rain
08/04/2014,36,27.7,Light Rain
09/04/2014,0,28.5,Heavy Rain
10/04/2014,137,27.1,No Rain
11/04/2014,0,28.5,Light Rain
12/04/2014,0,29.1,No Rain
13/04/2014,0,28.4,No Rain
14/04/2014,0,27.8,No Rain
15/04/2014,0,28.5,Heavy Rain
16/04/2014,0,28.3,Light Rain
17/04/2014,0,28.8,No Rain
18/04/2014,0,29.2,Light Rain
19/04/2014,0,28.2,Heavy Rain
20/04/2014,0,29.3,No Rain
21/04/2014,21,28.7,No Rain
22/04/2014,63,28.3,Light Rain
23/04/2014,24,27.8,Light Rain
24/04/2014,33,27.2,No Rain
25/04/2014,0,29,Heavy Rain
26/04/2014,0,29.6,No Rain
27/04/2014,0,28.2,No Rain
28/04/2014,0,27.9,Light Rain
29/04/2014,183,25.4,Light Rain
30/04/2014,138,27.6,Heavy Rain
01/05/2014,0,28,No Rain
02/05/2014,36,27.6,No Rain
03/05/2014,45,27,Light Rain
04/05/2014,0,27.1,Light Rain
05/05/2014,9,26.3,Light Rain
06/05/2014,342,26.9,Light Rain
07/05/2014,0,26.9,Light Rain
08/05/2014,66,28.1,Light Rain
09/05/2014,39.3333,28.4,Light Rain
10/05/2014,33,28.9,No Rain
11/05/2014,6,29.3,No Rain
12/05/2014,165,29.3,No Rain
13/05/2014,63,29.3,No Rain
14/05/2014,0,29.7,No Rain
15/05/2014,0,30.1,No Rain
16/05/2014,6,29.9,No Rain
17/05/2014,15,29.4,Light Rain
18/05/2014,0,29.8,No Rain
19/05/2014,57,29.4,No Rain
20/05/2014,96,29.4,Light Rain
21/05/2014,12,28.1,Light Rain
22/05/2014,15,29.3,Light Rain
23/05/2014,144,30.1,Light Rain
24/05/2014,30,29.9,No Rain
25/05/2014,0,29.4,Light Rain
26/05/2014,0,29.5,No Rain
27/05/2014,21,29.9,No Rain
28/05/2014,240,28.7,No Rain
29/05/2014,273,28.7,Light Rain
30/05/2014,123,28.8,Light Rain
31/05/2014,61.3333,29.8,Light Rain
01/06/2014,39,28.6,No Rain
02/06/2014,12,26.4,Heavy Rain
03/06/2014,195,26.8,Heavy Rain
04/06/2014,195,28.6,Light Rain
05/06/2014,0,29.1,Light Rain
06/06/2014,0,29,Light Rain
07/06/2014,0,29.8,No Rain
08/06/2014,0,28.9,Light Rain
09/06/2014,12,28.7,Light Rain
10/06/2014,6,28.4,Light Rain
11/06/2014,0,28.3,Light Rain
12/06/2014,0,27.7,Light Rain
13/06/2014,1.6667,28.5,Heavy Rain
14/06/2014,0,29.3,No Rain
15/06/2014,0,29,No Rain
16/06/2014,0,28.9,No Rain
17/06/2014,60,29.2,No Rain
18/06/2014,348,29.2,No Rain
19/06/2014,142,29.1,Light Rain
20/06/2014,189,28.6,No Rain
21/06/2014,51,29.3,No Rain
22/06/2014,0,29.3,No Rain
23/06/2014,36,29.3,No Rain
24/06/2014,30,29.4,No Rain
25/06/2014,117,29.3,No Rain
26/06/2014,21,29.1,No Rain
27/06/2014,108,29.1,No Rain
28/06/2014,0,28.5,Light Rain
29/06/2014,0,28.6,Light Rain
30/06/2014,39.5,26.8,Heavy Rain
01/07/2014,92,27.7,Heavy Rain
02/07/2014,42,28.4,Light Rain
03/07/2014,96,28.9,No Rain
04/07/2014,96,28.7,No Rain
05/07/2014,12,28.5,No Rain
06/07/2014,0,28.4,No Rain
07/07/2014,21,28.5,No Rain
08/07/2014,198,28.8,No Rain
09/07/2014,159,28.6,No Rain
10/07/2014,0,27.6,No Rain
11/07/2014,0,28.3,Light Rain
12/07/2014,0,29.3,No Rain
14/07/2014,124,28.6,No Rain
15/07/2014,168,28.3,Light Rain
16/07/2014,54,27.7,Light Rain
17/07/2014,21,28.8,No Rain
18/07/2014,3,28.9,No Rain
19/07/2014,9,28.9,No Rain
20/07/2014,15,28.7,No Rain
21/07/2014,6,28.8,No Rain
22/07/2014,48,28.8,No Rain
23/07/2014,0,28.6,Light Rain
24/07/2014,72,28.9,No Rain
25/07/2014,42,29,No Rain
26/07/2014,0,28.8,No Rain
27/07/2014,6,28.1,No Rain
28/07/2014,1,27.7,Light Rain
29/07/2014,6,28.2,Light Rain
30/07/2014,33,28.8,No Rain
31/07/2014,60,28.1,No Rain
01/08/2014,126,27.2,Light Rain
02/08/2014,261,27.3,Heavy Rain
03/08/2014,0,27.2,Light Rain
04/08/2014,42,27.9,Light Rain
05/08/2014,183,27.7,No Rain
06/08/2014,75,27.9,Heavy Rain
07/08/2014,24,28.2,No Rain
08/08/2014,49,27.4,No Rain
09/08/2014,12,27.6,No Rain
10/08/2014,0,27.9,Light Rain
11/08/2014,0,27.1,Light Rain
12/08/2014,234,26.9,Light Rain
13/08/2014,41,27.4,Light Rain
14/08/2014,123,28.2,No Rain
15/08/2014,65,28.4,No Rain
16/08/2014,33,28.3,No Rain
17/08/2014,0,27.1,Light Rain
18/08/2014,21,26.8,Heavy Rain
19/08/2014,75,27,Light Rain
20/08/2014,108,27.7,Heavy Rain
21/08/2014,263,26.3,Light Rain
22/08/2014,54,25.1,Heavy Rain
23/08/2014,0,26.7,Heavy Rain
24/08/2014,0,27.4,Light Rain
25/08/2014,2.0833,27.9,Light Rain
26/08/2014,186,28.1,No Rain
27/08/2014,30,28.1,No Rain
28/08/2014,162,28.6,No Rain
29/08/2014,0,28.5,No Rain
30/08/2014,30,28.4,No Rain
31/08/2014,24,28.4,No Rain
01/09/2014,17,28.2,No Rain
02/09/2014,94,26.2,Light Rain
03/09/2014,0,26,Heavy Rain
04/09/2014,99.25,26.6,Light Rain
05/09/2014,36,27.4,Heavy Rain
06/09/2014,60,28.5,No Rain
07/09/2014,0,26.9,Light Rain
08/09/2014,0,27.6,Light Rain
09/09/2014,0,27.8,Heavy Rain
10/09/2014,0,27.7,Light Rain
11/09/2014,105,28.4,Light Rain
12/09/2014,213,28.4,Light Rain
13/09/2014,6.0833,28.1,Light Rain
14/09/2014,0,28.1,Heavy Rain
15/09/2014,18,27.9,Heavy Rain
16/09/2014,102,28.6,Light Rain
17/09/2014,66,27.9,Light Rain
18/09/2014,0,28.3,Light Rain
19/09/2014,0,28.6,Heavy Rain
20/09/2014,0,28.5,No Rain
21/09/2014,0,28.4,No Rain
22/09/2014,0,28.6,No Rain
23/09/2014,6,28.5,No Rain
24/09/2014,0,27.8,Heavy Rain
25/09/2014,0,26.9,Light Rain
26/09/2014,0,26.2,Light Rain
27/09/2014,0,27.2,Heavy Rain
28/09/2014,0,27.8,Light Rain
29/09/2014,0,27.4,Light Rain
30/09/2014,24,26.4,Heavy Rain
01/10/2014,42,26.3,Heavy Rain
02/10/2014,30,26.9,Heavy Rain
03/10/2014,0,27.3,No Rain
04/10/2014,0,27.7,Light Rain
05/10/2014,0,28.5,No Rain
06/10/2014,6,28.6,No Rain
07/10/2014,30,25.8,Light Rain
08/10/2014,0,27.4,Heavy Rain
09/10/2014,0,27.9,Light Rain
10/10/2014,0,28.4,No Rain
11/10/2014,0,28.7,Light Rain
12/10/2014,0,28.2,Light Rain
13/10/2014,83,27.7,Light Rain
14/10/2014,209,28.3,Light Rain
15/10/2014,7,27.3,No Rain
16/10/2014,0,26.2,Heavy Rain
17/10/2014,0,25.9,Light Rain
18/10/2014,0,24.7,Heavy Rain
19/10/2014,0,27.1,Heavy Rain
20/10/2014,3,27,Light Rain
21/10/2014,42,27.1,Light Rain
22/10/2014,18,27.6,Light Rain
23/10/2014,19,26.4,Heavy Rain
24/10/2014,344,27.7,No Rain
25/10/2014,51.5,27.4,No Rain
26/10/2014,0,27.5,Light Rain
27/10/2014,475,27.2,Light Rain
28/10/2014,423,27.3,Light Rain
29/10/2014,84,27.1,Light Rain
30/10/2014,24,25.1,Heavy Rain
31/10/2014,66,26,Heavy Rain
01/11/2014,72,27.6,Light Rain
02/11/2014,0,25.9,Heavy Rain
03/11/2014,48,24.6,Heavy Rain
04/11/2014,84,24.8,Light Rain
05/11/2014,24,27.8,Light Rain
06/11/2014,6,28,No Rain
07/11/2014,111,27.4,No Rain
08/11/2014,12,27.5,No Rain
09/11/2014,0,27.5,No Rain
10/11/2014,18,27.7,No Rain
11/11/2014,138,27.1,Light Rain
12/11/2014,243,27.4,Heavy Rain
13/11/2014,6,26.9,No Rain
14/11/2014,63,26.7,Light Rain
15/11/2014,36,27.4,Heavy Rain
16/11/2014,0,26.6,No Rain
17/11/2014,24,26.3,Light Rain
18/11/2014,60,25.9,Light Rain
19/11/2014,42,25.7,Light Rain
20/11/2014,18,27.1,No Rain
21/11/2014,69,26.6,Light Rain
22/11/2014,0,26.1,Light Rain
23/11/2014,0,26.2,Light Rain
24/11/2014,21,26.5,No Rain
25/11/2014,6,25.1,Light Rain
26/11/2014,66,24.9,Light Rain
27/11/2014,15,25.7,Light Rain
28/11/2014,0,25.5,Heavy Rain
29/11/2014,0,25.8,Light Rain
30/11/2014,0,25.1,Light Rain
01/12/2014,15,26.1,Light Rain
02/12/2014,0,26.6,Heavy Rain
03/12/2014,63,27.3,Light Rain
04/12/2014,0,27.1,No Rain
05/12/2014,0,27.6,No Rain
06/12/2014,0,26.9,No Rain
07/12/2014,0,27.3,Light Rain
08/12/2014,0,27.2,Heavy Rain
09/12/2014,0,26.8,No Rain
10/12/2014,0,25.9,Heavy Rain
11/12/2014,0,26.5,Light Rain
12/12/2014,0,26.2,Heavy Rain
13/12/2014,0,27.3,Light Rain
14/12/2014,0,27.2,Light Rain
15/12/2014,3,27.3,Light Rain
16/12/2014,0,27.4,Light Rain
17/12/2014,0,26.3,No Rain
18/12/2014,228,26.5,Light Rain
19/12/2014,262.0833,25.9,Light Rain
20/12/2014,15,23.9,Light Rain
21/12/2014,0,25.6,Light Rain
22/12/2014,0,24.6,Light Rain
23/12/2014,60,24.4,Light Rain
24/12/2014,0,24.3,Heavy Rain
25/12/2014,0,24.2,Heavy Rain
26/12/2014,60,24.3,Heavy Rain
27/12/2014,353,25.2,No Rain
28/12/2014,0,25.4,Light Rain
29/12/2014,51,26.4,Heavy Rain
30/12/2014,25,26.4,Light Rain
31/12/2014,9,27.5,No Rain
01/01/2015,60,27,Light Rain
02/01/2015,37,25.9,No Rain
03/01/2015,80,26.1,No Rain
04/01/2015,0,27.3,No Rain
05/01/2015,184,27.8,Light Rain
06/01/2015,36,26.9,No Rain
07/01/2015,0,27.2,Light Rain
08/01/2015,0,26.6,No Rain
09/01/2015,0,26.6,No Rain
10/01/2015,0,26.6,No Rain
11/01/2015,0,26.6,No Rain
12/01/2015,57,26.4,No Rain
13/01/2015,54,26.2,No Rain
14/01/2015,351,26.6,No Rain
15/01/2015,0,26.7,No Rain
16/01/2015,0,27.1,No Rain
17/01/2015,30,27.6,No Rain
18/01/2015,0,27.8,No Rain
19/01/2015,129,27.3,No Rain
20/01/2015,81,26.9,No Rain
21/01/2015,156.6667,26.2,No Rain
22/01/2015,80,26,No Rain
23/01/2015,0,27.3,No Rain
24/01/2015,13,27.1,No Rain
25/01/2015,0,27.7,No Rain
26/01/2015,111,27.2,No Rain
27/01/2015,90,28.3,No Rain
28/01/2015,51,27.6,No Rain
29/01/2015,341,26.6,No Rain
30/01/2015,240,26.6,Heavy Rain
31/01/2015,141,27.2,No Rain
01/02/2015,279,27,No Rain
02/02/2015,0,28.2,No Rain
03/02/2015,0,26.3,No Rain
04/02/2015,0,27.1,Light Rain
05/02/2015,90,27.3,No Rain
06/02/2015,51,26.2,Light Rain
07/02/2015,0,27,Heavy Rain
08/02/2015,0,27.3,No Rain
09/02/2015,0,26.4,No Rain
10/02/2015,0,25.6,Heavy Rain
11/02/2015,0,26.3,Light Rain
12/02/2015,42,26.7,Heavy Rain
13/02/2015,386,27,Light Rain
14/02/2015,54,26.9,Light Rain
15/02/2015,0,26.6,No Rain
16/02/2015,6,27.5,No Rain
17/02/2015,244,26.1,No Rain
18/02/2015,180,25.9,No Rain
19/02/2015,163,25.9,No Rain
20/02/2015,162,26.5,No Rain
21/02/2015,15,27.3,No Rain
22/02/2015,0,27.7,No Rain
23/02/2015,5,27.7,No Rain
24/02/2015,9,27.7,No Rain
25/02/2015,117,27.8,Light Rain
26/02/2015,104,28.1,No Rain
27/02/2015,48,26.8,Light Rain
28/02/2015,13,27.1,Light Rain
01/03/2015,66,28.4,Light Rain
02/03/2015,6,28.2,No Rain
03/03/2015,9,27.9,Heavy Rain
04/03/2015,219,27.2,No Rain
05/03/2015,0,28,Light Rain
06/03/2015,39,28.6,No Rain
07/03/2015,0,28.6,No Rain
08/03/2015,0,28.9,No Rain
09/03/2015,24,27.3,Light Rain
10/03/2015,50,27.8,Heavy Rain
11/03/2015,6,27.7,No Rain
12/03/2015,9,27.9,No Rain
13/03/2015,27,26.4,Light Rain
14/03/2015,6,26,Light Rain
15/03/2015,15,27.5,No Rain
16/03/2015,93,28.2,Light Rain
17/03/2015,237,27.6,Light Rain
18/03/2015,66,28,Heavy Rain
19/03/2015,30,28.3,No Rain
20/03/2015,63,28.2,No Rain
21/03/2015,52,28.2,No Rain
22/03/2015,0,28.6,No Rain
23/03/2015,66.8333,28.6,No Rain
24/03/2015,39,28.7,No Rain
25/03/2015,198,28.8,No Rain
26/03/2015,0,27.5,No Rain
27/03/2015,126,26.9,Heavy Rain
28/03/2015,15,27.1,Light Rain
29/03/2015,0,27.6,Light Rain
30/03/2015,0,28.3,Light Rain
31/03/2015,42,27.9,Light Rain
01/04/2015,57,26.9,Light Rain
02/04/2015,18,27.8,Light Rain
03/04/2015,0,29.3,No Rain
04/04/2015,4,29.3,No Rain
05/04/2015,0,29.7,No Rain
06/04/2015,6,29.1,No Rain
07/04/2015,209,27.5,Light Rain
08/04/2015,0,27.4,Heavy Rain
09/04/2015,0,28.8,No Rain
10/04/2015,0,28.7,No Rain
11/04/2015,0,28.3,No Rain
12/04/2015,0,27.9,No Rain
13/04/2015,0,26.3,Light Rain
14/04/2015,0,28.2,Light Rain
15/04/2015,0,28,Heavy Rain
16/04/2015,0,28.9,No Rain
17/04/2015,0,28.9,No Rain
18/04/2015,0,28.4,Heavy Rain
19/04/2015,0,27.9,Heavy Rain
20/04/2015,90,27.3,Heavy Rain
21/04/2015,45,25.8,Heavy Rain
22/04/2015,0,28.2,Light Rain
23/04/2015,224,28.9,No Rain
24/04/2015,24,27.8,No Rain
25/04/2015,72,27.1,Heavy Rain
26/04/2015,12,28.2,Light Rain
27/04/2015,42,28.4,No Rain
28/04/2015,39,28.8,Light Rain
29/04/2015,132,27.6,No Rain
30/04/2015,146,28.2,Light Rain
01/05/2015,111,28.3,No Rain
02/05/2015,0,29.7,No Rain
03/05/2015,0,29.3,Light Rain
04/05/2015,0,28.9,No Rain
05/05/2015,195,29,No Rain
06/05/2015,27,28.8,No Rain
07/05/2015,72,28.6,No Rain
08/05/2015,33,28.4,Light Rain
09/05/2015,9,25.8,Heavy Rain
10/05/2015,0,27.3,Light Rain
11/05/2015,171,27.1,Light Rain
12/05/2015,60,28.8,No Rain
13/05/2015,123,28.2,Light Rain
14/05/2015,80,28.2,Heavy Rain
15/05/2015,3,29.4,Light Rain
16/05/2015,15,29.1,Light Rain
17/05/2015,0,29.4,Light Rain
18/05/2015,3,28.9,Light Rain
19/05/2015,27,28.3,Light Rain
20/05/2015,93,29.2,Light Rain
21/05/2015,20,29.2,Light Rain
22/05/2015,0,29.3,Light Rain
23/05/2015,0,28.6,Light Rain
24/05/2015,0,29.3,Light Rain
25/05/2015,9,29.4,Heavy Rain
26/05/2015,30,29.8,Light Rain
27/05/2015,27,29.9,No Rain
28/05/2015,36,29.7,No Rain
29/05/2015,0,30,No Rain
30/05/2015,4,29.8,No Rain
31/05/2015,0,29.2,No Rain
01/06/2015,42,28.6,Light Rain
02/06/2015,0,29.3,Light Rain
03/06/2015,171,29,Light Rain
04/06/2015,66,28.2,Light Rain
05/06/2015,330,26.5,Light Rain
06/06/2015,24,28.4,Light Rain
07/06/2015,0,29.1,Light Rain
08/06/2015,39,28.4,Light Rain
09/06/2015,0,28.7,Light Rain
10/06/2015,90,29.2,Light Rain
11/06/2015,3,28.6,Light Rain
12/06/2015,285,27.9,Heavy Rain
13/06/2015,6,29.3,Light Rain
14/06/2015,0,29.3,Light Rain
15/06/2015,3,28.9,No Rain
16/06/2015,96,27.3,Light Rain
17/06/2015,93,27.6,Heavy Rain
18/06/2015,42,27.2,Light Rain
19/06/2015,36,28.3,Heavy Rain
20/06/2015,57,29.4,Light Rain
21/06/2015,33,29.2,No Rain
22/06/2015,54,28.4,No Rain
23/06/2015,66,29.1,Light Rain
24/06/2015,54,29.1,Light Rain
25/06/2015,26,29.1,Light Rain
26/06/2015,0,28.7,Light Rain
27/06/2015,17,28.2,Heavy Rain
28/06/2015,0,27.2,Light Rain
29/06/2015,0,27.5,Heavy Rain
30/06/2015,45,28,No Rain
01/07/2015,159,28.4,Light Rain
02/07/2015,60,28.7,Light Rain
03/07/2015,0,29.3,No Rain
04/07/2015,9,29.3,No Rain
05/07/2015,0,29.4,Light Rain
06/07/2015,45,29.3,No Rain
07/07/2015,177,29.3,No Rain
08/07/2015,60,29.4,Light Rain
09/07/2015,129,29.4,No Rain
10/07/2015,78,29.1,Light Rain
11/07/2015,261,28,Light Rain
12/07/2015,18,29.1,No Rain
13/07/2015,68,28.7,No Rain
14/07/2015,204,28.9,No Rain
15/07/2015,0,29.1,No Rain
16/07/2015,105,29.1,No Rain
17/07/2015,213,28.2,No Rain
18/07/2015,3,28.7,No Rain
19/07/2015,3,28.4,No Rain
20/07/2015,27,28.4,No Rain
21/07/2015,93,28.8,Light Rain
22/07/2015,12,28.5,No Rain
23/07/2015,84,27.7,No Rain
24/07/2015,90,28.2,Light Rain
25/07/2015,150,28.2,No Rain
26/07/2015,9,27.4,Light Rain
27/07/2015,105,27.9,Light Rain
28/07/2015,87,28.6,No Rain
29/07/2015,165,28.6,No Rain
30/07/2015,126,29.1,No Rain
31/07/2015,0,29,No Rain
01/08/2015,0,29.1,No Rain
02/08/2015,0,29.2,No Rain
03/08/2015,3,29,No Rain
04/08/2015,90,27.8,Light Rain
05/08/2015,39,27.9,Light Rain
06/08/2015,18,28.9,No Rain
07/08/2015,6,29.2,No Rain
08/08/2015,0,29.2,No Rain
09/08/2015,0,29,No Rain
10/08/2015,3,28.8,No Rain
11/08/2015,57,29.1,Light Rain
12/08/2015,4,29.1,Light Rain
13/08/2015,12,29.1,No Rain
14/08/2015,111,29,No Rain
15/08/2015,36,28.4,No Rain
16/08/2015,9,26.9,Heavy Rain
17/08/2015,0,26.8,Light Rain
18/08/2015,0,27.2,Light Rain
19/08/2015,32,28.2,Heavy Rain
20/08/2015,43,28.5,Light Rain
21/08/2015,107,29.2,Light Rain
22/08/2015,0,28.7,Light Rain
23/08/2015,0,29.2,Light Rain
24/08/2015,0,28.2,Light Rain
25/08/2015,99,28.4,Light Rain
26/08/2015,93,28.9,Light Rain
27/08/2015,81,28.6,Light Rain
28/08/2015,177,27.2,Light Rain
29/08/2015,0,28.7,Light Rain
30/08/2015,0,28.2,Light Rain
31/08/2015,51,28.4,Light Rain
01/09/2015,60,29.1,No Rain
02/09/2015,57,29.1,No Rain
03/09/2015,81,27.8,No Rain
04/09/2015,9,27.1,Heavy Rain
05/09/2015,3,27.7,No Rain
06/09/2015,0,27.8,No Rain
07/09/2015,120,25.4,Heavy Rain
08/09/2015,174,27.8,Light Rain
09/09/2015,18,28.3,Light Rain
10/09/2015,9,26.1,Light Rain
11/09/2015,81,26.1,Heavy Rain
12/09/2015,15,28.5,Light Rain
13/09/2015,0,29.1,No Rain
14/09/2015,39,28.7,No Rain
15/09/2015,36,28.3,Light Rain
16/09/2015,0,27.6,Heavy Rain
17/09/2015,0,28.3,Light Rain
18/09/2015,0,28.9,Light Rain
19/09/2015,3,28.2,Light Rain
20/09/2015,0,28.2,Light Rain
21/09/2015,30,28.7,Light Rain
22/09/2015,14,28.8,Light Rain
23/09/2015,0,28.8,Light Rain
24/09/2015,30,27.4,Light Rain
25/09/2015,0,26.4,Heavy Rain
26/09/2015,0,24.8,Heavy Rain
27/09/2015,0,26.1,Heavy Rain
28/09/2015,0,26,Heavy Rain
29/09/2015,0,25.5,Heavy Rain
30/09/2015,30,24.8,Heavy Rain
01/10/2015,54,27.4,Heavy Rain
02/10/2015,0,28.2,No Rain
03/10/2015,0,28.7,No Rain
04/10/2015,0,28,Light Rain
05/10/2015,42,27.5,Heavy Rain
06/10/2015,39,28,Heavy Rain
07/10/2015,0,27.9,Light Rain
08/10/2015,0,28.4,Light Rain
09/10/2015,0,27.3,Light Rain
10/10/2015,0,27.7,No Rain
11/10/2015,0,28.4,Light Rain
12/10/2015,0,27.7,Light Rain
13/10/2015,48,27.5,Light Rain
14/10/2015,0,27.1,Heavy Rain
15/10/2015,219,27.3,Light Rain
16/10/2015,45,27.1,Light Rain
17/10/2015,0,26.8,Heavy Rain
18/10/2015,0,26.7,Light Rain
19/10/2015,150,27.2,Heavy Rain
20/10/2015,120,27.1,Light Rain
21/10/2015,6,27.2,Light Rain
22/10/2015,42,27.5,Light Rain
23/10/2015,21,27.2,Light Rain
24/10/2015,15,26.6,Light Rain
25/10/2015,60,25.5,Light Rain
26/10/2015,33,26.5,Light Rain
27/10/2015,0,26.2,No Rain
28/10/2015,9,27.2,Light Rain
29/10/2015,36,26.9,No Rain
30/10/2015,12,27.1,Light Rain
31/10/2015,0,27.6,Light Rain
01/11/2015,9,26.6,Light Rain
02/11/2015,0,26,Light Rain
03/11/2015,27,26.4,Heavy Rain
04/11/2015,45,26.9,No Rain
05/11/2015,0,26.5,Light Rain
06/11/2015,0,26.7,Light Rain
07/11/2015,0,27.1,Light Rain
08/11/2015,0,27.2,Light Rain
09/11/2015,0,26.6,Light Rain
10/11/2015,30,27.6,Light Rain
11/11/2015,0,27.4,No Rain
12/11/2015,0,27.2,Light Rain
13/11/2015,18,25.2,Heavy Rain
14/11/2015,3,26.1,Heavy Rain
15/11/2015,0,24.9,Heavy Rain
16/11/2015,0,26.6,Heavy Rain
17/11/2015,24,28.2,Light Rain
18/11/2015,0,28.2,Light Rain
19/11/2015,33,27.6,No Rain
20/11/2015,30,27.9,Heavy Rain
21/11/2015,0,27.3,No Rain
22/11/2015,0,27.4,No Rain
23/11/2015,0,27.2,Light Rain
24/11/2015,27,27.1,Heavy Rain
25/11/2015,0,27.7,Heavy Rain
26/11/2015,0,27.9,Light Rain
27/11/2015,0,28.3,No Rain
28/11/2015,0,26.4,No Rain
29/11/2015,0,27.2,Light Rain
30/11/2015,0,26.6,Light Rain
01/12/2015,21,26.6,Heavy Rain
02/12/2015,0,27.6,Light Rain
03/12/2015,0,28.1,No Rain
04/12/2015,0,26.3,Light Rain
05/12/2015,0,26.9,Light Rain
06/12/2015,0,26.8,Light Rain
07/12/2015,0,26.3,Light Rain
08/12/2015,0,25.6,Heavy Rain
09/12/2015,0,26.6,Heavy Rain
10/12/2015,0,26.8,Light Rain
11/12/2015,0,26.8,Heavy Rain
12/12/2015,0,27.4,No Rain
13/12/2015,0,28.1,Light Rain
14/12/2015,186,27.2,Light Rain
15/12/2015,0,27.7,Light Rain
16/12/2015,0,27.1,Heavy Rain
17/12/2015,84,27.4,No Rain
18/12/2015,225,26.1,Light Rain
19/12/2015,78,26,Light Rain
20/12/2015,0,28,Light Rain
21/12/2015,0,27.7,No Rain
22/12/2015,0,27.8,No Rain
23/12/2015,0,28.3,No Rain
24/12/2015,0,27.8,No Rain
25/12/2015,0,27.7,No Rain
26/12/2015,0,28.6,No Rain
27/12/2015,0,26.9,No Rain
28/12/2015,0,27.4,Light Rain
29/12/2015,0,27.3,No Rain
30/12/2015,0,27.8,Heavy Rain
31/12/2015,0,28.4,No Rain
01/01/2016,0,27.6,No Rain
02/01/2016,0,27.4,No Rain
03/01/2016,0,28.4,No Rain
04/01/2016,22,28.4,No Rain
05/01/2016,0,27.6,No Rain
06/01/2016,0,26.7,Light Rain
07/01/2016,0,27.7,Light Rain
08/01/2016,0,27,No Rain
09/01/2016,0,28.8,No Rain
10/01/2016,0,28.2,No Rain
11/01/2016,0,28.1,No Rain
12/01/2016,0,27.2,No Rain
13/01/2016,0,27.9,No Rain
14/01/2016,0,26.5,No Rain
15/01/2016,0,26.3,No Rain
16/01/2016,0,26.9,No Rain
17/01/2016,0,27.2,No Rain
18/01/2016,1,26.8,No Rain
19/01/2016,0,27.1,No Rain
20/01/2016,3,27.9,No Rain
21/01/2016,36,28.2,No Rain
22/01/2016,42,28.3,No Rain
23/01/2016,0,27.6,No Rain
24/01/2016,0,28.2,Light Rain
25/01/2016,39,28.4,No Rain
26/01/2016,0,28.7,No Rain
27/01/2016,4,27.8,No Rain
