"","Date","Quantity"
"1",2010-01-06,131
"2",2010-01-07,9
"492",2010-01-08,0
"3",2010-01-09,48
"493",2010-01-10,0
"4",2010-01-11,84
"5",2010-01-12,39
"494",2010-01-13,0
"495",2010-01-14,0
"496",2010-01-15,0
"497",2010-01-16,0
"498",2010-01-17,0
"499",2010-01-18,0
"500",2010-01-19,0
"501",2010-01-20,0
"502",2010-01-21,0
"503",2010-01-22,0
"504",2010-01-23,0
"505",2010-01-24,0
"506",2010-01-25,0
"507",2010-01-26,0
"508",2010-01-27,0
"509",2010-01-28,0
"510",2010-01-29,0
"511",2010-01-30,0
"512",2010-01-31,0
"513",2010-02-01,0
"514",2010-02-02,0
"515",2010-02-03,0
"516",2010-02-04,0
"517",2010-02-05,0
"6",2010-02-06,93
"7",2010-02-07,63
"8",2010-02-08,12
"9",2010-02-09,90
"518",2010-02-10,0
"10",2010-02-11,357
"519",2010-02-12,0
"520",2010-02-13,0
"521",2010-02-14,0
"522",2010-02-15,0
"523",2010-02-16,0
"524",2010-02-17,0
"525",2010-02-18,0
"526",2010-02-19,0
"527",2010-02-20,0
"528",2010-02-21,0
"529",2010-02-22,0
"530",2010-02-23,0
"531",2010-02-24,0
"532",2010-02-25,0
"533",2010-02-26,0
"534",2010-02-27,0
"535",2010-02-28,0
"536",2010-03-01,0
"537",2010-03-02,0
"538",2010-03-03,0
"539",2010-03-04,0
"11",2010-03-05,249
"12",2010-03-06,66
"13",2010-03-07,51
"14",2010-03-08,6
"15",2010-03-09,21
"540",2010-03-10,0
"16",2010-03-11,324
"17",2010-03-12,102
"541",2010-03-13,0
"542",2010-03-14,0
"543",2010-03-15,0
"544",2010-03-16,0
"545",2010-03-17,0
"546",2010-03-18,0
"547",2010-03-19,0
"548",2010-03-20,0
"549",2010-03-21,0
"550",2010-03-22,0
"551",2010-03-23,0
"552",2010-03-24,0
"553",2010-03-25,0
"554",2010-03-26,0
"555",2010-03-27,0
"556",2010-03-28,0
"557",2010-03-29,0
"558",2010-03-30,0
"559",2010-03-31,0
"560",2010-04-01,0
"561",2010-04-02,0
"562",2010-04-03,0
"563",2010-04-04,0
"18",2010-04-05,81
"19",2010-04-06,36
"564",2010-04-07,0
"20",2010-04-08,36
"21",2010-04-09,132
"565",2010-04-10,0
"22",2010-04-11,45
"23",2010-04-12,13.6667
"566",2010-04-13,0
"567",2010-04-14,0
"568",2010-04-15,0
"569",2010-04-16,0
"570",2010-04-17,0
"571",2010-04-18,0
"572",2010-04-19,0
"573",2010-04-20,0
"574",2010-04-21,0
"575",2010-04-22,0
"576",2010-04-23,0
"577",2010-04-24,0
"578",2010-04-25,0
"579",2010-04-26,0
"580",2010-04-27,0
"581",2010-04-28,0
"582",2010-04-29,0
"583",2010-04-30,0
"584",2010-05-01,0
"585",2010-05-02,0
"586",2010-05-03,0
"587",2010-05-04,0
"24",2010-05-05,60
"25",2010-05-06,63
"26",2010-05-07,99
"27",2010-05-08,72
"588",2010-05-09,0
"589",2010-05-10,0
"590",2010-05-11,0
"591",2010-05-12,0
"592",2010-05-13,0
"593",2010-05-14,0
"594",2010-05-15,0
"595",2010-05-16,0
"596",2010-05-17,0
"597",2010-05-18,0
"598",2010-05-19,0
"599",2010-05-20,0
"600",2010-05-21,0
"601",2010-05-22,0
"602",2010-05-23,0
"603",2010-05-24,0
"604",2010-05-25,0
"605",2010-05-26,0
"606",2010-05-27,0
"607",2010-05-28,0
"608",2010-05-29,0
"609",2010-05-30,0
"610",2010-05-31,0
"611",2010-06-01,0
"612",2010-06-02,0
"613",2010-06-03,0
"28",2010-06-04,146.1667
"29",2010-06-05,381
"614",2010-06-06,0
"30",2010-06-07,39
"615",2010-06-08,0
"31",2010-06-09,60
"616",2010-06-10,0
"617",2010-06-11,0
"32",2010-06-12,99
"618",2010-06-13,0
"619",2010-06-14,0
"620",2010-06-15,0
"621",2010-06-16,0
"622",2010-06-17,0
"623",2010-06-18,0
"624",2010-06-19,0
"625",2010-06-20,0
"626",2010-06-21,0
"627",2010-06-22,0
"628",2010-06-23,0
"629",2010-06-24,0
"630",2010-06-25,0
"631",2010-06-26,0
"632",2010-06-27,0
"633",2010-06-28,0
"634",2010-06-29,0
"635",2010-06-30,0
"636",2010-07-01,0
"637",2010-07-02,0
"638",2010-07-03,0
"639",2010-07-04,0
"33",2010-07-05,132
"34",2010-07-06,135
"35",2010-07-07,57
"36",2010-07-08,27
"37",2010-07-09,30
"640",2010-07-10,0
"641",2010-07-11,0
"38",2010-07-12,9
"642",2010-07-13,0
"643",2010-07-14,0
"644",2010-07-15,0
"645",2010-07-16,0
"646",2010-07-17,0
"647",2010-07-18,0
"648",2010-07-19,0
"649",2010-07-20,0
"650",2010-07-21,0
"651",2010-07-22,0
"652",2010-07-23,0
"653",2010-07-24,0
"654",2010-07-25,0
"655",2010-07-26,0
"656",2010-07-27,0
"657",2010-07-28,0
"658",2010-07-29,0
"659",2010-07-30,0
"660",2010-07-31,0
"661",2010-08-01,0
"662",2010-08-02,0
"663",2010-08-03,0
"664",2010-08-04,0
"39",2010-08-05,18
"40",2010-08-06,159
"41",2010-08-07,111
"665",2010-08-08,0
"42",2010-08-09,121
"666",2010-08-10,0
"667",2010-08-11,0
"43",2010-08-12,219
"668",2010-08-13,0
"669",2010-08-14,0
"670",2010-08-15,0
"671",2010-08-16,0
"672",2010-08-17,0
"673",2010-08-18,0
"674",2010-08-19,0
"675",2010-08-20,0
"676",2010-08-21,0
"677",2010-08-22,0
"678",2010-08-23,0
"679",2010-08-24,0
"680",2010-08-25,0
"681",2010-08-26,0
"682",2010-08-27,0
"683",2010-08-28,0
"684",2010-08-29,0
"685",2010-08-30,0
"686",2010-08-31,0
"687",2010-09-01,0
"688",2010-09-02,0
"689",2010-09-03,0
"690",2010-09-04,0
"691",2010-09-05,0
"44",2010-09-06,384
"45",2010-09-07,42
"692",2010-09-08,0
"46",2010-09-09,15
"693",2010-09-10,0
"47",2010-09-11,21
"48",2010-09-12,77
"694",2010-09-13,0
"695",2010-09-14,0
"696",2010-09-15,0
"697",2010-09-16,0
"698",2010-09-17,0
"699",2010-09-18,0
"700",2010-09-19,0
"701",2010-09-20,0
"702",2010-09-21,0
"703",2010-09-22,0
"704",2010-09-23,0
"705",2010-09-24,0
"706",2010-09-25,0
"707",2010-09-26,0
"708",2010-09-27,0
"709",2010-09-28,0
"710",2010-09-29,0
"711",2010-09-30,0
"712",2010-10-01,0
"713",2010-10-02,0
"714",2010-10-03,0
"715",2010-10-04,0
"49",2010-10-05,465
"50",2010-10-06,48
"51",2010-10-07,24
"52",2010-10-08,120
"53",2010-10-09,336
"716",2010-10-10,0
"717",2010-10-11,0
"54",2010-10-12,33
"718",2010-10-13,0
"719",2010-10-14,0
"720",2010-10-15,0
"721",2010-10-16,0
"722",2010-10-17,0
"723",2010-10-18,0
"724",2010-10-19,0
"725",2010-10-20,0
"726",2010-10-21,0
"727",2010-10-22,0
"728",2010-10-23,0
"729",2010-10-24,0
"730",2010-10-25,0
"731",2010-10-26,0
"732",2010-10-27,0
"733",2010-10-28,0
"734",2010-10-29,0
"735",2010-10-30,0
"736",2010-10-31,0
"737",2010-11-01,0
"738",2010-11-02,0
"739",2010-11-03,0
"740",2010-11-04,0
"55",2010-11-05,99
"56",2010-11-06,9
"57",2010-11-07,15
"58",2010-11-08,54
"59",2010-11-09,129
"741",2010-11-10,0
"60",2010-11-11,75
"742",2010-11-12,0
"743",2010-11-13,0
"744",2010-11-14,0
"745",2010-11-15,0
"746",2010-11-16,0
"747",2010-11-17,0
"748",2010-11-18,0
"749",2010-11-19,0
"750",2010-11-20,0
"751",2010-11-21,0
"752",2010-11-22,0
"753",2010-11-23,0
"754",2010-11-24,0
"755",2010-11-25,0
"756",2010-11-26,0
"757",2010-11-27,0
"758",2010-11-28,0
"759",2010-11-29,0
"760",2010-11-30,0
"761",2010-12-01,0
"762",2010-12-02,0
"763",2010-12-03,0
"764",2010-12-04,0
"61",2010-12-05,171
"62",2010-12-06,57
"63",2010-12-07,110
"64",2010-12-08,81
"765",2010-12-09,0
"766",2010-12-10,0
"65",2010-12-11,21
"767",2010-12-12,0
"768",2010-12-13,0
"769",2010-12-14,0
"770",2010-12-15,0
"771",2010-12-16,0
"772",2010-12-17,0
"773",2010-12-18,0
"774",2010-12-19,0
"775",2010-12-20,0
"776",2010-12-21,0
"777",2010-12-22,0
"778",2010-12-23,0
"779",2010-12-24,0
"780",2010-12-25,0
"781",2010-12-26,0
"782",2010-12-27,0
"783",2010-12-28,0
"784",2010-12-29,0
"785",2010-12-30,0
"786",2010-12-31,0
"66",2011-01-01,201
"787",2011-01-02,0
"67",2011-01-03,54
"68",2011-01-04,6
"788",2011-01-05,0
"69",2011-01-06,33
"70",2011-01-07,9
"71",2011-01-08,3
"72",2011-01-09,6
"789",2011-01-10,0
"73",2011-01-11,72
"790",2011-01-12,0
"791",2011-01-13,0
"792",2011-01-14,0
"793",2011-01-15,0
"794",2011-01-16,0
"795",2011-01-17,0
"796",2011-01-18,0
"797",2011-01-19,0
"798",2011-01-20,0
"799",2011-01-21,0
"800",2011-01-22,0
"801",2011-01-23,0
"802",2011-01-24,0
"803",2011-01-25,0
"804",2011-01-26,0
"805",2011-01-27,0
"806",2011-01-28,0
"807",2011-01-29,0
"808",2011-01-30,0
"809",2011-01-31,0
"810",2011-02-01,0
"811",2011-02-02,0
"74",2011-02-03,138
"812",2011-02-04,0
"75",2011-02-05,12
"76",2011-02-06,54
"77",2011-02-07,111
"78",2011-02-08,21
"79",2011-02-09,60
"813",2011-02-10,0
"814",2011-02-11,0
"815",2011-02-12,0
"816",2011-02-13,0
"817",2011-02-14,0
"818",2011-02-15,0
"819",2011-02-16,0
"820",2011-02-17,0
"821",2011-02-18,0
"822",2011-02-19,0
"823",2011-02-20,0
"824",2011-02-21,0
"825",2011-02-22,0
"826",2011-02-23,0
"827",2011-02-24,0
"828",2011-02-25,0
"829",2011-02-26,0
"830",2011-02-27,0
"831",2011-02-28,0
"80",2011-03-01,60
"81",2011-03-02,426
"82",2011-03-03,102
"832",2011-03-04,0
"83",2011-03-05,106
"84",2011-03-06,36
"833",2011-03-07,0
"85",2011-03-08,264
"86",2011-03-09,54
"834",2011-03-10,0
"87",2011-03-11,20
"835",2011-03-12,0
"836",2011-03-13,0
"837",2011-03-14,0
"838",2011-03-15,0
"839",2011-03-16,0
"840",2011-03-17,0
"841",2011-03-18,0
"842",2011-03-19,0
"843",2011-03-20,0
"844",2011-03-21,0
"845",2011-03-22,0
"846",2011-03-23,0
"847",2011-03-24,0
"848",2011-03-25,0
"849",2011-03-26,0
"850",2011-03-27,0
"851",2011-03-28,0
"852",2011-03-29,0
"853",2011-03-30,0
"854",2011-03-31,0
"88",2011-04-01,63
"855",2011-04-02,0
"89",2011-04-03,111
"90",2011-04-04,48
"91",2011-04-05,50
"856",2011-04-06,0
"92",2011-04-07,48
"93",2011-04-08,57
"857",2011-04-09,0
"94",2011-04-10,27
"95",2011-04-11,87.6667
"858",2011-04-12,0
"859",2011-04-13,0
"860",2011-04-14,0
"861",2011-04-15,0
"862",2011-04-16,0
"863",2011-04-17,0
"864",2011-04-18,0
"865",2011-04-19,0
"866",2011-04-20,0
"867",2011-04-21,0
"868",2011-04-22,0
"869",2011-04-23,0
"870",2011-04-24,0
"871",2011-04-25,0
"872",2011-04-26,0
"873",2011-04-27,0
"874",2011-04-28,0
"875",2011-04-29,0
"876",2011-04-30,0
"96",2011-05-01,243
"97",2011-05-02,133
"98",2011-05-03,8
"99",2011-05-04,135
"100",2011-05-05,176
"877",2011-05-06,0
"101",2011-05-07,24
"102",2011-05-08,69
"103",2011-05-09,165
"878",2011-05-10,0
"104",2011-05-11,156
"879",2011-05-12,0
"880",2011-05-13,0
"881",2011-05-14,0
"882",2011-05-15,0
"883",2011-05-16,0
"884",2011-05-17,0
"885",2011-05-18,0
"886",2011-05-19,0
"887",2011-05-20,0
"888",2011-05-21,0
"889",2011-05-22,0
"890",2011-05-23,0
"891",2011-05-24,0
"892",2011-05-25,0
"893",2011-05-26,0
"894",2011-05-27,0
"895",2011-05-28,0
"896",2011-05-29,0
"897",2011-05-30,0
"898",2011-05-31,0
"105",2011-06-01,117
"899",2011-06-02,0
"900",2011-06-03,0
"106",2011-06-04,39
"107",2011-06-05,6.1667
"108",2011-06-06,9
"109",2011-06-07,58
"110",2011-06-08,117
"111",2011-06-09,167
"112",2011-06-10,540
"901",2011-06-11,0
"902",2011-06-12,0
"903",2011-06-13,0
"904",2011-06-14,0
"905",2011-06-15,0
"906",2011-06-16,0
"907",2011-06-17,0
"908",2011-06-18,0
"909",2011-06-19,0
"910",2011-06-20,0
"911",2011-06-21,0
"912",2011-06-22,0
"913",2011-06-23,0
"914",2011-06-24,0
"915",2011-06-25,0
"916",2011-06-26,0
"917",2011-06-27,0
"918",2011-06-28,0
"919",2011-06-29,0
"920",2011-06-30,0
"113",2011-07-01,148
"114",2011-07-02,402
"115",2011-07-03,255
"116",2011-07-04,3
"117",2011-07-05,246
"921",2011-07-06,0
"118",2011-07-07,156
"922",2011-07-08,0
"119",2011-07-09,180
"923",2011-07-10,0
"120",2011-07-11,12
"924",2011-07-12,0
"925",2011-07-13,0
"926",2011-07-14,0
"927",2011-07-15,0
"928",2011-07-16,0
"929",2011-07-17,0
"930",2011-07-18,0
"931",2011-07-19,0
"932",2011-07-20,0
"933",2011-07-21,0
"934",2011-07-22,0
"935",2011-07-23,0
"936",2011-07-24,0
"937",2011-07-25,0
"938",2011-07-26,0
"939",2011-07-27,0
"940",2011-07-28,0
"941",2011-07-29,0
"942",2011-07-30,0
"943",2011-07-31,0
"121",2011-08-01,9
"122",2011-08-02,69
"123",2011-08-03,66
"124",2011-08-04,69
"944",2011-08-05,0
"125",2011-08-06,9
"126",2011-08-07,123
"127",2011-08-08,3
"128",2011-08-09,102
"129",2011-08-10,123
"130",2011-08-11,36
"945",2011-08-12,0
"946",2011-08-13,0
"947",2011-08-14,0
"948",2011-08-15,0
"949",2011-08-16,0
"950",2011-08-17,0
"951",2011-08-18,0
"952",2011-08-19,0
"953",2011-08-20,0
"954",2011-08-21,0
"955",2011-08-22,0
"956",2011-08-23,0
"957",2011-08-24,0
"958",2011-08-25,0
"959",2011-08-26,0
"960",2011-08-27,0
"961",2011-08-28,0
"962",2011-08-29,0
"963",2011-08-30,0
"964",2011-08-31,0
"965",2011-09-01,0
"131",2011-09-02,66
"132",2011-09-03,159
"966",2011-09-04,0
"133",2011-09-05,102
"967",2011-09-06,0
"134",2011-09-07,49
"135",2011-09-08,30
"136",2011-09-09,24
"968",2011-09-10,0
"969",2011-09-11,0
"970",2011-09-12,0
"971",2011-09-13,0
"972",2011-09-14,0
"973",2011-09-15,0
"974",2011-09-16,0
"975",2011-09-17,0
"976",2011-09-18,0
"977",2011-09-19,0
"978",2011-09-20,0
"979",2011-09-21,0
"980",2011-09-22,0
"981",2011-09-23,0
"982",2011-09-24,0
"983",2011-09-25,0
"984",2011-09-26,0
"985",2011-09-27,0
"986",2011-09-28,0
"987",2011-09-29,0
"988",2011-09-30,0
"989",2011-10-01,0
"137",2011-10-02,219
"138",2011-10-03,108
"990",2011-10-04,0
"139",2011-10-05,147
"140",2011-10-06,249
"991",2011-10-07,0
"141",2011-10-08,147
"142",2011-10-09,39
"992",2011-10-10,0
"993",2011-10-11,0
"994",2011-10-12,0
"995",2011-10-13,0
"996",2011-10-14,0
"997",2011-10-15,0
"998",2011-10-16,0
"999",2011-10-17,0
"1000",2011-10-18,0
"1001",2011-10-19,0
"1002",2011-10-20,0
"1003",2011-10-21,0
"1004",2011-10-22,0
"1005",2011-10-23,0
"1006",2011-10-24,0
"1007",2011-10-25,0
"1008",2011-10-26,0
"1009",2011-10-27,0
"1010",2011-10-28,0
"1011",2011-10-29,0
"1012",2011-10-30,0
"1013",2011-10-31,0
"1014",2011-11-01,0
"143",2011-11-02,99
"144",2011-11-03,141
"1015",2011-11-04,0
"145",2011-11-05,630
"1016",2011-11-06,0
"146",2011-11-07,120
"147",2011-11-08,3
"1017",2011-11-09,0
"1018",2011-11-10,0
"148",2011-11-11,132
"1019",2011-11-12,0
"1020",2011-11-13,0
"1021",2011-11-14,0
"1022",2011-11-15,0
"1023",2011-11-16,0
"1024",2011-11-17,0
"1025",2011-11-18,0
"1026",2011-11-19,0
"1027",2011-11-20,0
"1028",2011-11-21,0
"1029",2011-11-22,0
"1030",2011-11-23,0
"1031",2011-11-24,0
"1032",2011-11-25,0
"1033",2011-11-26,0
"1034",2011-11-27,0
"1035",2011-11-28,0
"1036",2011-11-29,0
"1037",2011-11-30,0
"1038",2011-12-01,0
"149",2011-12-02,39
"150",2011-12-03,3
"1039",2011-12-04,0
"151",2011-12-05,99
"1040",2011-12-06,0
"152",2011-12-07,57
"153",2011-12-08,54
"154",2011-12-09,21
"155",2011-12-10,27
"1041",2011-12-11,0
"1042",2011-12-12,0
"1043",2011-12-13,0
"1044",2011-12-14,0
"1045",2011-12-15,0
"1046",2011-12-16,0
"1047",2011-12-17,0
"1048",2011-12-18,0
"1049",2011-12-19,0
"1050",2011-12-20,0
"1051",2011-12-21,0
"1052",2011-12-22,0
"1053",2011-12-23,0
"1054",2011-12-24,0
"1055",2011-12-25,0
"1056",2011-12-26,0
"1057",2011-12-27,0
"1058",2011-12-28,0
"1059",2011-12-29,0
"1060",2011-12-30,0
"1061",2011-12-31,0
"1062",2012-01-01,0
"156",2012-01-02,27
"157",2012-01-03,30
"1063",2012-01-04,0
"1064",2012-01-05,0
"158",2012-01-06,87
"1065",2012-01-07,0
"1066",2012-01-08,0
"1067",2012-01-09,0
"159",2012-01-10,147
"1068",2012-01-11,0
"1069",2012-01-12,0
"1070",2012-01-13,0
"1071",2012-01-14,0
"1072",2012-01-15,0
"1073",2012-01-16,0
"1074",2012-01-17,0
"1075",2012-01-18,0
"1076",2012-01-19,0
"1077",2012-01-20,0
"1078",2012-01-21,0
"1079",2012-01-22,0
"1080",2012-01-23,0
"1081",2012-01-24,0
"1082",2012-01-25,0
"1083",2012-01-26,0
"1084",2012-01-27,0
"1085",2012-01-28,0
"1086",2012-01-29,0
"1087",2012-01-30,0
"1088",2012-01-31,0
"160",2012-02-01,45
"161",2012-02-02,273
"162",2012-02-03,61
"163",2012-02-04,150
"164",2012-02-05,162
"1089",2012-02-06,0
"1090",2012-02-07,0
"165",2012-02-08,6
"1091",2012-02-09,0
"166",2012-02-10,96
"1092",2012-02-11,0
"1093",2012-02-12,0
"1094",2012-02-13,0
"1095",2012-02-14,0
"1096",2012-02-15,0
"1097",2012-02-16,0
"1098",2012-02-17,0
"1099",2012-02-18,0
"1100",2012-02-19,0
"1101",2012-02-20,0
"1102",2012-02-21,0
"1103",2012-02-22,0
"1104",2012-02-23,0
"1105",2012-02-24,0
"1106",2012-02-25,0
"1107",2012-02-26,0
"1108",2012-02-27,0
"1109",2012-02-28,0
"1110",2012-02-29,0
"167",2012-03-01,12
"168",2012-03-02,136
"169",2012-03-03,12
"170",2012-03-04,66
"171",2012-03-05,12
"1111",2012-03-06,0
"1112",2012-03-07,0
"1113",2012-03-08,0
"172",2012-03-09,138
"173",2012-03-10,147
"1114",2012-03-11,0
"1115",2012-03-12,0
"1116",2012-03-13,0
"1117",2012-03-14,0
"1118",2012-03-15,0
"1119",2012-03-16,0
"1120",2012-03-17,0
"1121",2012-03-18,0
"1122",2012-03-19,0
"1123",2012-03-20,0
"1124",2012-03-21,0
"1125",2012-03-22,0
"1126",2012-03-23,0
"1127",2012-03-24,0
"1128",2012-03-25,0
"1129",2012-03-26,0
"1130",2012-03-27,0
"1131",2012-03-28,0
"1132",2012-03-29,0
"1133",2012-03-30,0
"1134",2012-03-31,0
"174",2012-04-01,207
"1135",2012-04-02,0
"1136",2012-04-03,0
"175",2012-04-04,21
"176",2012-04-05,75
"1137",2012-04-06,0
"1138",2012-04-07,0
"177",2012-04-08,78
"178",2012-04-09,111
"179",2012-04-10,135
"1139",2012-04-11,0
"180",2012-04-12,612
"1140",2012-04-13,0
"1141",2012-04-14,0
"1142",2012-04-15,0
"1143",2012-04-16,0
"1144",2012-04-17,0
"1145",2012-04-18,0
"1146",2012-04-19,0
"1147",2012-04-20,0
"1148",2012-04-21,0
"1149",2012-04-22,0
"1150",2012-04-23,0
"1151",2012-04-24,0
"1152",2012-04-25,0
"1153",2012-04-26,0
"1154",2012-04-27,0
"1155",2012-04-28,0
"1156",2012-04-29,0
"1157",2012-04-30,0
"181",2012-05-01,66
"1158",2012-05-02,0
"182",2012-05-03,80
"183",2012-05-04,36
"1159",2012-05-05,0
"184",2012-05-06,144
"1160",2012-05-07,0
"1161",2012-05-08,0
"185",2012-05-09,36
"186",2012-05-10,53.8333
"1162",2012-05-11,0
"187",2012-05-12,87
"1163",2012-05-13,0
"1164",2012-05-14,0
"1165",2012-05-15,0
"1166",2012-05-16,0
"1167",2012-05-17,0
"1168",2012-05-18,0
"1169",2012-05-19,0
"1170",2012-05-20,0
"1171",2012-05-21,0
"1172",2012-05-22,0
"1173",2012-05-23,0
"1174",2012-05-24,0
"1175",2012-05-25,0
"1176",2012-05-26,0
"1177",2012-05-27,0
"1178",2012-05-28,0
"1179",2012-05-29,0
"1180",2012-05-30,0
"1181",2012-05-31,0
"188",2012-06-01,78
"1182",2012-06-02,0
"189",2012-06-03,96
"1183",2012-06-04,0
"1184",2012-06-05,0
"190",2012-06-06,18
"1185",2012-06-07,0
"191",2012-06-08,441
"192",2012-06-09,306
"1186",2012-06-10,0
"1187",2012-06-11,0
"193",2012-06-12,468
"1188",2012-06-13,0
"1189",2012-06-14,0
"1190",2012-06-15,0
"1191",2012-06-16,0
"1192",2012-06-17,0
"1193",2012-06-18,0
"1194",2012-06-19,0
"1195",2012-06-20,0
"1196",2012-06-21,0
"1197",2012-06-22,0
"1198",2012-06-23,0
"1199",2012-06-24,0
"1200",2012-06-25,0
"1201",2012-06-26,0
"1202",2012-06-27,0
"1203",2012-06-28,0
"1204",2012-06-29,0
"1205",2012-06-30,0
"194",2012-07-01,78
"1206",2012-07-02,0
"1207",2012-07-03,0
"1208",2012-07-04,0
"1209",2012-07-05,0
"195",2012-07-06,162
"1210",2012-07-07,0
"1211",2012-07-08,0
"196",2012-07-09,33
"1212",2012-07-10,0
"197",2012-07-11,549
"198",2012-07-12,72.8333
"1213",2012-07-13,0
"1214",2012-07-14,0
"1215",2012-07-15,0
"1216",2012-07-16,0
"1217",2012-07-17,0
"1218",2012-07-18,0
"1219",2012-07-19,0
"1220",2012-07-20,0
"1221",2012-07-21,0
"1222",2012-07-22,0
"1223",2012-07-23,0
"1224",2012-07-24,0
"1225",2012-07-25,0
"1226",2012-07-26,0
"1227",2012-07-27,0
"1228",2012-07-28,0
"1229",2012-07-29,0
"1230",2012-07-30,0
"1231",2012-07-31,0
"1232",2012-08-01,0
"199",2012-08-02,96
"200",2012-08-03,60
"1233",2012-08-04,0
"201",2012-08-05,102
"202",2012-08-06,84
"1234",2012-08-07,0
"1235",2012-08-08,0
"203",2012-08-09,132
"1236",2012-08-10,0
"204",2012-08-11,615
"205",2012-08-12,60
"1237",2012-08-13,0
"1238",2012-08-14,0
"1239",2012-08-15,0
"1240",2012-08-16,0
"1241",2012-08-17,0
"1242",2012-08-18,0
"1243",2012-08-19,0
"1244",2012-08-20,0
"1245",2012-08-21,0
"1246",2012-08-22,0
"1247",2012-08-23,0
"1248",2012-08-24,0
"1249",2012-08-25,0
"1250",2012-08-26,0
"1251",2012-08-27,0
"1252",2012-08-28,0
"1253",2012-08-29,0
"1254",2012-08-30,0
"1255",2012-08-31,0
"206",2012-09-01,48
"207",2012-09-02,96
"208",2012-09-03,18
"209",2012-09-04,27
"210",2012-09-05,48
"211",2012-09-06,36
"1256",2012-09-07,0
"1257",2012-09-08,0
"1258",2012-09-09,0
"1259",2012-09-10,0
"212",2012-09-11,42
"1260",2012-09-12,0
"1261",2012-09-13,0
"1262",2012-09-14,0
"1263",2012-09-15,0
"1264",2012-09-16,0
"1265",2012-09-17,0
"1266",2012-09-18,0
"1267",2012-09-19,0
"1268",2012-09-20,0
"1269",2012-09-21,0
"1270",2012-09-22,0
"1271",2012-09-23,0
"1272",2012-09-24,0
"1273",2012-09-25,0
"1274",2012-09-26,0
"1275",2012-09-27,0
"1276",2012-09-28,0
"1277",2012-09-29,0
"1278",2012-09-30,0
"213",2012-10-01,34
"214",2012-10-02,93
"215",2012-10-03,45
"216",2012-10-04,3
"217",2012-10-05,180
"1279",2012-10-06,0
"218",2012-10-07,24
"219",2012-10-08,54
"220",2012-10-09,81
"221",2012-10-10,30
"222",2012-10-11,93
"223",2012-10-12,177
"1280",2012-10-13,0
"1281",2012-10-14,0
"1282",2012-10-15,0
"1283",2012-10-16,0
"1284",2012-10-17,0
"1285",2012-10-18,0
"1286",2012-10-19,0
"1287",2012-10-20,0
"1288",2012-10-21,0
"1289",2012-10-22,0
"1290",2012-10-23,0
"1291",2012-10-24,0
"1292",2012-10-25,0
"1293",2012-10-26,0
"1294",2012-10-27,0
"1295",2012-10-28,0
"1296",2012-10-29,0
"1297",2012-10-30,0
"1298",2012-10-31,0
"224",2012-11-01,126
"225",2012-11-02,87
"1299",2012-11-03,0
"1300",2012-11-04,0
"226",2012-11-05,18
"227",2012-11-06,78
"228",2012-11-07,8
"229",2012-11-08,267
"230",2012-11-09,33
"1301",2012-11-10,0
"1302",2012-11-11,0
"231",2012-11-12,279
"1303",2012-11-13,0
"1304",2012-11-14,0
"1305",2012-11-15,0
"1306",2012-11-16,0
"1307",2012-11-17,0
"1308",2012-11-18,0
"1309",2012-11-19,0
"1310",2012-11-20,0
"1311",2012-11-21,0
"1312",2012-11-22,0
"1313",2012-11-23,0
"1314",2012-11-24,0
"1315",2012-11-25,0
"1316",2012-11-26,0
"1317",2012-11-27,0
"1318",2012-11-28,0
"1319",2012-11-29,0
"1320",2012-11-30,0
"232",2012-12-01,210
"1321",2012-12-02,0
"233",2012-12-03,15
"1322",2012-12-04,0
"234",2012-12-05,82.0833
"235",2012-12-06,45
"236",2012-12-07,108
"1323",2012-12-08,0
"1324",2012-12-09,0
"1325",2012-12-10,0
"237",2012-12-11,128
"238",2012-12-12,6
"1326",2012-12-13,0
"1327",2012-12-14,0
"1328",2012-12-15,0
"1329",2012-12-16,0
"1330",2012-12-17,0
"1331",2012-12-18,0
"1332",2012-12-19,0
"1333",2012-12-20,0
"1334",2012-12-21,0
"1335",2012-12-22,0
"1336",2012-12-23,0
"1337",2012-12-24,0
"1338",2012-12-25,0
"1339",2012-12-26,0
"1340",2012-12-27,0
"1341",2012-12-28,0
"1342",2012-12-29,0
"1343",2012-12-30,0
"1344",2012-12-31,0
"1345",2013-01-01,0
"1346",2013-01-02,0
"239",2013-01-03,126
"240",2013-01-04,9
"1347",2013-01-05,0
"1348",2013-01-06,0
"241",2013-01-07,66
"242",2013-01-08,300
"1349",2013-01-09,0
"243",2013-01-10,150
"244",2013-01-11,0.8333
"1350",2013-01-12,0
"1351",2013-01-13,0
"1352",2013-01-14,0
"1353",2013-01-15,0
"1354",2013-01-16,0
"1355",2013-01-17,0
"1356",2013-01-18,0
"1357",2013-01-19,0
"1358",2013-01-20,0
"1359",2013-01-21,0
"1360",2013-01-22,0
"1361",2013-01-23,0
"1362",2013-01-24,0
"1363",2013-01-25,0
"1364",2013-01-26,0
"1365",2013-01-27,0
"1366",2013-01-28,0
"1367",2013-01-29,0
"1368",2013-01-30,0
"1369",2013-01-31,0
"245",2013-02-01,24
"1370",2013-02-02,0
"246",2013-02-03,15
"1371",2013-02-04,0
"247",2013-02-05,30
"1372",2013-02-06,0
"248",2013-02-07,54
"1373",2013-02-08,0
"249",2013-02-09,3
"250",2013-02-10,159
"251",2013-02-11,3
"1374",2013-02-12,0
"1375",2013-02-13,0
"1376",2013-02-14,0
"1377",2013-02-15,0
"1378",2013-02-16,0
"1379",2013-02-17,0
"1380",2013-02-18,0
"1381",2013-02-19,0
"1382",2013-02-20,0
"1383",2013-02-21,0
"1384",2013-02-22,0
"1385",2013-02-23,0
"1386",2013-02-24,0
"1387",2013-02-25,0
"1388",2013-02-26,0
"1389",2013-02-27,0
"1390",2013-02-28,0
"252",2013-03-01,33
"1391",2013-03-02,0
"253",2013-03-03,21
"254",2013-03-04,6
"255",2013-03-05,15
"256",2013-03-06,42
"257",2013-03-07,99
"1392",2013-03-08,0
"258",2013-03-09,294
"259",2013-03-10,3
"1393",2013-03-11,0
"1394",2013-03-12,0
"1395",2013-03-13,0
"1396",2013-03-14,0
"1397",2013-03-15,0
"1398",2013-03-16,0
"1399",2013-03-17,0
"1400",2013-03-18,0
"1401",2013-03-19,0
"1402",2013-03-20,0
"1403",2013-03-21,0
"1404",2013-03-22,0
"1405",2013-03-23,0
"1406",2013-03-24,0
"1407",2013-03-25,0
"1408",2013-03-26,0
"1409",2013-03-27,0
"1410",2013-03-28,0
"1411",2013-03-29,0
"1412",2013-03-30,0
"1413",2013-03-31,0
"260",2013-04-01,3
"1414",2013-04-02,0
"261",2013-04-03,90
"262",2013-04-04,57
"1415",2013-04-05,0
"263",2013-04-06,6
"264",2013-04-07,3
"1416",2013-04-08,0
"265",2013-04-09,40
"266",2013-04-10,9
"267",2013-04-11,24
"1417",2013-04-12,0
"1418",2013-04-13,0
"1419",2013-04-14,0
"1420",2013-04-15,0
"1421",2013-04-16,0
"1422",2013-04-17,0
"1423",2013-04-18,0
"1424",2013-04-19,0
"1425",2013-04-20,0
"1426",2013-04-21,0
"1427",2013-04-22,0
"1428",2013-04-23,0
"1429",2013-04-24,0
"1430",2013-04-25,0
"1431",2013-04-26,0
"1432",2013-04-27,0
"1433",2013-04-28,0
"1434",2013-04-29,0
"1435",2013-04-30,0
"268",2013-05-01,42
"269",2013-05-02,6
"270",2013-05-03,222
"271",2013-05-04,6
"1436",2013-05-05,0
"272",2013-05-06,9
"273",2013-05-07,40
"274",2013-05-08,78
"275",2013-05-09,60
"276",2013-05-10,6
"1437",2013-05-11,0
"1438",2013-05-12,0
"1439",2013-05-13,0
"1440",2013-05-14,0
"1441",2013-05-15,0
"1442",2013-05-16,0
"1443",2013-05-17,0
"1444",2013-05-18,0
"1445",2013-05-19,0
"1446",2013-05-20,0
"1447",2013-05-21,0
"1448",2013-05-22,0
"1449",2013-05-23,0
"1450",2013-05-24,0
"1451",2013-05-25,0
"1452",2013-05-26,0
"1453",2013-05-27,0
"1454",2013-05-28,0
"1455",2013-05-29,0
"1456",2013-05-30,0
"1457",2013-05-31,0
"1458",2013-06-01,0
"277",2013-06-02,24
"278",2013-06-03,180
"279",2013-06-04,1
"280",2013-06-05,75
"281",2013-06-06,90
"282",2013-06-07,63
"283",2013-06-08,63
"284",2013-06-09,57
"1459",2013-06-10,0
"1460",2013-06-11,0
"1461",2013-06-12,0
"1462",2013-06-13,0
"1463",2013-06-14,0
"1464",2013-06-15,0
"1465",2013-06-16,0
"1466",2013-06-17,0
"1467",2013-06-18,0
"1468",2013-06-19,0
"1469",2013-06-20,0
"1470",2013-06-21,0
"1471",2013-06-22,0
"1472",2013-06-23,0
"1473",2013-06-24,0
"1474",2013-06-25,0
"1475",2013-06-26,0
"1476",2013-06-27,0
"1477",2013-06-28,0
"1478",2013-06-29,0
"1479",2013-06-30,0
"285",2013-07-01,36
"1480",2013-07-02,0
"286",2013-07-03,24
"1481",2013-07-04,0
"287",2013-07-05,303
"288",2013-07-06,192
"289",2013-07-07,30
"290",2013-07-08,117
"291",2013-07-09,15
"292",2013-07-10,180
"1482",2013-07-11,0
"1483",2013-07-12,0
"1484",2013-07-13,0
"1485",2013-07-14,0
"1486",2013-07-15,0
"1487",2013-07-16,0
"1488",2013-07-17,0
"1489",2013-07-18,0
"1490",2013-07-19,0
"1491",2013-07-20,0
"1492",2013-07-21,0
"1493",2013-07-22,0
"1494",2013-07-23,0
"1495",2013-07-24,0
"1496",2013-07-25,0
"1497",2013-07-26,0
"1498",2013-07-27,0
"1499",2013-07-28,0
"1500",2013-07-29,0
"1501",2013-07-30,0
"1502",2013-07-31,0
"293",2013-08-01,65
"1503",2013-08-02,0
"1504",2013-08-03,0
"294",2013-08-04,12
"295",2013-08-05,86
"296",2013-08-06,18
"1505",2013-08-07,0
"297",2013-08-08,78
"1506",2013-08-09,0
"298",2013-08-10,153
"1507",2013-08-11,0
"1508",2013-08-12,0
"1509",2013-08-13,0
"1510",2013-08-14,0
"1511",2013-08-15,0
"1512",2013-08-16,0
"1513",2013-08-17,0
"1514",2013-08-18,0
"1515",2013-08-19,0
"1516",2013-08-20,0
"1517",2013-08-21,0
"1518",2013-08-22,0
"1519",2013-08-23,0
"1520",2013-08-24,0
"1521",2013-08-25,0
"1522",2013-08-26,0
"1523",2013-08-27,0
"1524",2013-08-28,0
"1525",2013-08-29,0
"1526",2013-08-30,0
"1527",2013-08-31,0
"1528",2013-09-01,0
"1529",2013-09-02,0
"1530",2013-09-03,0
"299",2013-09-04,45.75
"300",2013-09-05,90
"1531",2013-09-06,0
"1532",2013-09-07,0
"301",2013-09-08,78
"1533",2013-09-09,0
"302",2013-09-10,36
"1534",2013-09-11,0
"1535",2013-09-12,0
"1536",2013-09-13,0
"1537",2013-09-14,0
"1538",2013-09-15,0
"1539",2013-09-16,0
"1540",2013-09-17,0
"1541",2013-09-18,0
"1542",2013-09-19,0
"1543",2013-09-20,0
"1544",2013-09-21,0
"1545",2013-09-22,0
"1546",2013-09-23,0
"1547",2013-09-24,0
"1548",2013-09-25,0
"1549",2013-09-26,0
"1550",2013-09-27,0
"1551",2013-09-28,0
"1552",2013-09-29,0
"1553",2013-09-30,0
"303",2013-10-01,9
"1554",2013-10-02,0
"1555",2013-10-03,0
"304",2013-10-04,60
"305",2013-10-05,30
"306",2013-10-06,66
"307",2013-10-07,162
"1556",2013-10-08,0
"308",2013-10-09,30
"309",2013-10-10,63
"1557",2013-10-11,0
"1558",2013-10-12,0
"1559",2013-10-13,0
"1560",2013-10-14,0
"1561",2013-10-15,0
"1562",2013-10-16,0
"1563",2013-10-17,0
"1564",2013-10-18,0
"1565",2013-10-19,0
"1566",2013-10-20,0
"1567",2013-10-21,0
"1568",2013-10-22,0
"1569",2013-10-23,0
"1570",2013-10-24,0
"1571",2013-10-25,0
"1572",2013-10-26,0
"1573",2013-10-27,0
"1574",2013-10-28,0
"1575",2013-10-29,0
"1576",2013-10-30,0
"1577",2013-10-31,0
"310",2013-11-01,6
"311",2013-11-02,27
"312",2013-11-03,87
"1578",2013-11-04,0
"313",2013-11-05,120
"314",2013-11-06,133
"1579",2013-11-07,0
"1580",2013-11-08,0
"1581",2013-11-09,0
"1582",2013-11-10,0
"315",2013-11-11,25
"316",2013-11-12,15
"1583",2013-11-13,0
"1584",2013-11-14,0
"1585",2013-11-15,0
"1586",2013-11-16,0
"1587",2013-11-17,0
"1588",2013-11-18,0
"1589",2013-11-19,0
"1590",2013-11-20,0
"1591",2013-11-21,0
"1592",2013-11-22,0
"1593",2013-11-23,0
"1594",2013-11-24,0
"1595",2013-11-25,0
"1596",2013-11-26,0
"1597",2013-11-27,0
"1598",2013-11-28,0
"1599",2013-11-29,0
"1600",2013-11-30,0
"317",2013-12-01,12
"318",2013-12-02,903
"319",2013-12-03,36
"1601",2013-12-04,0
"1602",2013-12-05,0
"320",2013-12-06,14
"321",2013-12-07,18
"322",2013-12-08,144
"1603",2013-12-09,0
"323",2013-12-10,72
"324",2013-12-11,3
"1604",2013-12-12,0
"1605",2013-12-13,0
"1606",2013-12-14,0
"1607",2013-12-15,0
"1608",2013-12-16,0
"1609",2013-12-17,0
"1610",2013-12-18,0
"1611",2013-12-19,0
"1612",2013-12-20,0
"1613",2013-12-21,0
"1614",2013-12-22,0
"1615",2013-12-23,0
"1616",2013-12-24,0
"1617",2013-12-25,0
"1618",2013-12-26,0
"1619",2013-12-27,0
"1620",2013-12-28,0
"1621",2013-12-29,0
"1622",2013-12-30,0
"1623",2013-12-31,0
"1624",2014-01-01,0
"325",2014-01-02,150
"1625",2014-01-03,0
"326",2014-01-04,12
"1626",2014-01-05,0
"327",2014-01-06,39
"328",2014-01-07,92
"329",2014-01-08,126
"330",2014-01-09,17
"331",2014-01-10,42
"332",2014-01-11,72
"333",2014-01-12,15
"1627",2014-01-13,0
"1628",2014-01-14,0
"1629",2014-01-15,0
"1630",2014-01-16,0
"1631",2014-01-17,0
"1632",2014-01-18,0
"1633",2014-01-19,0
"1634",2014-01-20,0
"1635",2014-01-21,0
"1636",2014-01-22,0
"1637",2014-01-23,0
"1638",2014-01-24,0
"1639",2014-01-25,0
"1640",2014-01-26,0
"1641",2014-01-27,0
"1642",2014-01-28,0
"1643",2014-01-29,0
"1644",2014-01-30,0
"1645",2014-01-31,0
"334",2014-02-01,63
"1646",2014-02-02,0
"1647",2014-02-03,0
"335",2014-02-04,150
"336",2014-02-05,36
"337",2014-02-06,12
"338",2014-02-07,42
"339",2014-02-08,261
"340",2014-02-09,94
"341",2014-02-10,30
"1648",2014-02-11,0
"1649",2014-02-12,0
"1650",2014-02-13,0
"1651",2014-02-14,0
"1652",2014-02-15,0
"1653",2014-02-16,0
"1654",2014-02-17,0
"1655",2014-02-18,0
"1656",2014-02-19,0
"1657",2014-02-20,0
"1658",2014-02-21,0
"1659",2014-02-22,0
"1660",2014-02-23,0
"1661",2014-02-24,0
"1662",2014-02-25,0
"1663",2014-02-26,0
"1664",2014-02-27,0
"1665",2014-02-28,0
"1666",2014-03-01,0
"342",2014-03-02,73.3333
"343",2014-03-03,111
"344",2014-03-04,6
"345",2014-03-05,45
"346",2014-03-06,195
"347",2014-03-07,96
"1667",2014-03-08,0
"1668",2014-03-09,0
"1669",2014-03-10,0
"348",2014-03-11,48
"349",2014-03-12,63
"1670",2014-03-13,0
"1671",2014-03-14,0
"1672",2014-03-15,0
"1673",2014-03-16,0
"1674",2014-03-17,0
"1675",2014-03-18,0
"1676",2014-03-19,0
"1677",2014-03-20,0
"1678",2014-03-21,0
"1679",2014-03-22,0
"1680",2014-03-23,0
"1681",2014-03-24,0
"1682",2014-03-25,0
"1683",2014-03-26,0
"1684",2014-03-27,0
"1685",2014-03-28,0
"1686",2014-03-29,0
"1687",2014-03-30,0
"1688",2014-03-31,0
"1689",2014-04-01,0
"1690",2014-04-02,0
"350",2014-04-03,93
"351",2014-04-04,6
"1691",2014-04-05,0
"352",2014-04-06,195
"353",2014-04-07,96
"354",2014-04-08,42
"355",2014-04-09,99.25
"1692",2014-04-10,0
"356",2014-04-11,84
"1693",2014-04-12,0
"1694",2014-04-13,0
"1695",2014-04-14,0
"1696",2014-04-15,0
"1697",2014-04-16,0
"1698",2014-04-17,0
"1699",2014-04-18,0
"1700",2014-04-19,0
"1701",2014-04-20,0
"1702",2014-04-21,0
"1703",2014-04-22,0
"1704",2014-04-23,0
"1705",2014-04-24,0
"1706",2014-04-25,0
"1707",2014-04-26,0
"1708",2014-04-27,0
"1709",2014-04-28,0
"1710",2014-04-29,0
"1711",2014-04-30,0
"1712",2014-05-01,0
"357",2014-05-02,126
"358",2014-05-03,3
"359",2014-05-04,15
"360",2014-05-05,9
"1713",2014-05-06,0
"361",2014-05-07,12
"362",2014-05-08,183
"363",2014-05-09,36
"1714",2014-05-10,0
"364",2014-05-11,24
"1715",2014-05-12,0
"1716",2014-05-13,0
"1717",2014-05-14,0
"1718",2014-05-15,0
"1719",2014-05-16,0
"1720",2014-05-17,0
"1721",2014-05-18,0
"1722",2014-05-19,0
"1723",2014-05-20,0
"1724",2014-05-21,0
"1725",2014-05-22,0
"1726",2014-05-23,0
"1727",2014-05-24,0
"1728",2014-05-25,0
"1729",2014-05-26,0
"1730",2014-05-27,0
"1731",2014-05-28,0
"1732",2014-05-29,0
"1733",2014-05-30,0
"1734",2014-05-31,0
"365",2014-06-01,300
"366",2014-06-02,60
"367",2014-06-03,75
"1735",2014-06-04,0
"368",2014-06-05,342
"1736",2014-06-06,0
"1737",2014-06-07,0
"369",2014-06-08,75
"370",2014-06-09,60
"371",2014-06-10,6
"372",2014-06-11,6
"1738",2014-06-12,0
"1739",2014-06-13,0
"1740",2014-06-14,0
"1741",2014-06-15,0
"1742",2014-06-16,0
"1743",2014-06-17,0
"1744",2014-06-18,0
"1745",2014-06-19,0
"1746",2014-06-20,0
"1747",2014-06-21,0
"1748",2014-06-22,0
"1749",2014-06-23,0
"1750",2014-06-24,0
"1751",2014-06-25,0
"1752",2014-06-26,0
"1753",2014-06-27,0
"1754",2014-06-28,0
"1755",2014-06-29,0
"1756",2014-06-30,0
"373",2014-07-01,240
"374",2014-07-02,60
"375",2014-07-03,84
"376",2014-07-04,24
"1757",2014-07-05,0
"1758",2014-07-06,0
"377",2014-07-07,21
"378",2014-07-08,24
"1759",2014-07-09,0
"379",2014-07-10,30
"380",2014-07-11,111
"1760",2014-07-12,0
"1761",2014-07-13,0
"1762",2014-07-14,0
"1763",2014-07-15,0
"1764",2014-07-16,0
"1765",2014-07-17,0
"1766",2014-07-18,0
"1767",2014-07-19,0
"1768",2014-07-20,0
"1769",2014-07-21,0
"1770",2014-07-22,0
"1771",2014-07-23,0
"1772",2014-07-24,0
"1773",2014-07-25,0
"1774",2014-07-26,0
"1775",2014-07-27,0
"1776",2014-07-28,0
"1777",2014-07-29,0
"1778",2014-07-30,0
"1779",2014-07-31,0
"381",2014-08-01,234
"382",2014-08-02,33
"383",2014-08-03,3
"384",2014-08-04,36
"385",2014-08-05,66
"1780",2014-08-06,0
"386",2014-08-07,198
"387",2014-08-08,49
"1781",2014-08-09,0
"1782",2014-08-10,0
"388",2014-08-11,12
"1783",2014-08-12,0
"1784",2014-08-13,0
"1785",2014-08-14,0
"1786",2014-08-15,0
"1787",2014-08-16,0
"1788",2014-08-17,0
"1789",2014-08-18,0
"1790",2014-08-19,0
"1791",2014-08-20,0
"1792",2014-08-21,0
"1793",2014-08-22,0
"1794",2014-08-23,0
"1795",2014-08-24,0
"1796",2014-08-25,0
"1797",2014-08-26,0
"1798",2014-08-27,0
"1799",2014-08-28,0
"1800",2014-08-29,0
"1801",2014-08-30,0
"1802",2014-08-31,0
"389",2014-09-01,81
"1803",2014-09-02,0
"1804",2014-09-03,0
"1805",2014-09-04,0
"390",2014-09-05,39.3333
"391",2014-09-06,12
"392",2014-09-07,159
"393",2014-09-08,12
"1806",2014-09-09,0
"1807",2014-09-10,0
"1808",2014-09-11,0
"1809",2014-09-12,0
"1810",2014-09-13,0
"1811",2014-09-14,0
"1812",2014-09-15,0
"1813",2014-09-16,0
"1814",2014-09-17,0
"1815",2014-09-18,0
"1816",2014-09-19,0
"1817",2014-09-20,0
"1818",2014-09-21,0
"1819",2014-09-22,0
"1820",2014-09-23,0
"1821",2014-09-24,0
"1822",2014-09-25,0
"1823",2014-09-26,0
"1824",2014-09-27,0
"1825",2014-09-28,0
"1826",2014-09-29,0
"1827",2014-09-30,0
"394",2014-10-01,126
"395",2014-10-02,174
"396",2014-10-03,57
"397",2014-10-04,137
"398",2014-10-05,33
"399",2014-10-06,6
"1828",2014-10-07,0
"1829",2014-10-08,0
"1830",2014-10-09,0
"1831",2014-10-10,0
"400",2014-10-11,18
"1832",2014-10-12,0
"1833",2014-10-13,0
"1834",2014-10-14,0
"1835",2014-10-15,0
"1836",2014-10-16,0
"1837",2014-10-17,0
"1838",2014-10-18,0
"1839",2014-10-19,0
"1840",2014-10-20,0
"1841",2014-10-21,0
"1842",2014-10-22,0
"1843",2014-10-23,0
"1844",2014-10-24,0
"1845",2014-10-25,0
"1846",2014-10-26,0
"1847",2014-10-27,0
"1848",2014-10-28,0
"1849",2014-10-29,0
"1850",2014-10-30,0
"1851",2014-10-31,0
"401",2014-11-01,261
"402",2014-11-02,246
"403",2014-11-03,27
"1852",2014-11-04,0
"404",2014-11-05,6
"1853",2014-11-06,0
"1854",2014-11-07,0
"1855",2014-11-08,0
"405",2014-11-09,105
"1856",2014-11-10,0
"406",2014-11-11,138
"1857",2014-11-12,0
"1858",2014-11-13,0
"1859",2014-11-14,0
"1860",2014-11-15,0
"1861",2014-11-16,0
"1862",2014-11-17,0
"1863",2014-11-18,0
"1864",2014-11-19,0
"1865",2014-11-20,0
"1866",2014-11-21,0
"1867",2014-11-22,0
"1868",2014-11-23,0
"1869",2014-11-24,0
"1870",2014-11-25,0
"1871",2014-11-26,0
"1872",2014-11-27,0
"1873",2014-11-28,0
"1874",2014-11-29,0
"1875",2014-11-30,0
"1876",2014-12-01,0
"407",2014-12-02,118
"408",2014-12-03,18
"1877",2014-12-04,0
"409",2014-12-05,165
"1878",2014-12-06,0
"1879",2014-12-07,0
"410",2014-12-08,234
"411",2014-12-09,213
"1880",2014-12-10,0
"412",2014-12-11,243
"1881",2014-12-12,0
"1882",2014-12-13,0
"1883",2014-12-14,0
"1884",2014-12-15,0
"1885",2014-12-16,0
"1886",2014-12-17,0
"1887",2014-12-18,0
"1888",2014-12-19,0
"1889",2014-12-20,0
"1890",2014-12-21,0
"1891",2014-12-22,0
"1892",2014-12-23,0
"1893",2014-12-24,0
"1894",2014-12-25,0
"1895",2014-12-26,0
"1896",2014-12-27,0
"1897",2014-12-28,0
"1898",2014-12-29,0
"1899",2014-12-30,0
"1900",2014-12-31,0
"413",2015-01-01,60
"414",2015-01-02,279
"415",2015-01-03,66
"416",2015-01-04,57
"417",2015-01-05,111
"418",2015-01-06,42
"419",2015-01-07,159
"1901",2015-01-08,0
"420",2015-01-09,60
"421",2015-01-10,54
"422",2015-01-11,9
"423",2015-01-12,21
"1902",2015-01-13,0
"1903",2015-01-14,0
"1904",2015-01-15,0
"1905",2015-01-16,0
"1906",2015-01-17,0
"1907",2015-01-18,0
"1908",2015-01-19,0
"1909",2015-01-20,0
"1910",2015-01-21,0
"1911",2015-01-22,0
"1912",2015-01-23,0
"1913",2015-01-24,0
"1914",2015-01-25,0
"1915",2015-01-26,0
"1916",2015-01-27,0
"1917",2015-01-28,0
"1918",2015-01-29,0
"1919",2015-01-30,0
"1920",2015-01-31,0
"424",2015-02-01,37
"1921",2015-02-02,0
"425",2015-02-03,6
"426",2015-02-04,18
"1922",2015-02-05,0
"1923",2015-02-06,0
"427",2015-02-07,60
"1924",2015-02-08,0
"428",2015-02-09,57
"1925",2015-02-10,0
"1926",2015-02-11,0
"1927",2015-02-12,0
"1928",2015-02-13,0
"1929",2015-02-14,0
"1930",2015-02-15,0
"1931",2015-02-16,0
"1932",2015-02-17,0
"1933",2015-02-18,0
"1934",2015-02-19,0
"1935",2015-02-20,0
"1936",2015-02-21,0
"1937",2015-02-22,0
"1938",2015-02-23,0
"1939",2015-02-24,0
"1940",2015-02-25,0
"1941",2015-02-26,0
"1942",2015-02-27,0
"1943",2015-02-28,0
"429",2015-03-01,80
"1944",2015-03-02,0
"430",2015-03-03,9
"1945",2015-03-04,0
"1946",2015-03-05,0
"431",2015-03-06,171
"1947",2015-03-07,0
"432",2015-03-08,3
"433",2015-03-09,81
"1948",2015-03-10,0
"434",2015-03-11,27
"1949",2015-03-12,0
"1950",2015-03-13,0
"1951",2015-03-14,0
"1952",2015-03-15,0
"1953",2015-03-16,0
"1954",2015-03-17,0
"1955",2015-03-18,0
"1956",2015-03-19,0
"1957",2015-03-20,0
"1958",2015-03-21,0
"1959",2015-03-22,0
"1960",2015-03-23,0
"1961",2015-03-24,0
"1962",2015-03-25,0
"1963",2015-03-26,0
"1964",2015-03-27,0
"1965",2015-03-28,0
"1966",2015-03-29,0
"1967",2015-03-30,0
"1968",2015-03-31,0
"1969",2015-04-01,0
"1970",2015-04-02,0
"435",2015-04-03,219
"436",2015-04-04,4
"1971",2015-04-05,0
"437",2015-04-06,66
"438",2015-04-07,9
"439",2015-04-08,90
"440",2015-04-09,9
"1972",2015-04-10,0
"441",2015-04-11,45
"1973",2015-04-12,0
"1974",2015-04-13,0
"1975",2015-04-14,0
"1976",2015-04-15,0
"1977",2015-04-16,0
"1978",2015-04-17,0
"1979",2015-04-18,0
"1980",2015-04-19,0
"1981",2015-04-20,0
"1982",2015-04-21,0
"1983",2015-04-22,0
"1984",2015-04-23,0
"1985",2015-04-24,0
"1986",2015-04-25,0
"1987",2015-04-26,0
"1988",2015-04-27,0
"1989",2015-04-28,0
"1990",2015-04-29,0
"1991",2015-04-30,0
"442",2015-05-01,184
"443",2015-05-02,90
"1992",2015-05-03,0
"1993",2015-05-04,0
"444",2015-05-05,195
"445",2015-05-06,330
"1994",2015-05-07,0
"446",2015-05-08,39
"447",2015-05-09,3
"448",2015-05-10,42
"1995",2015-05-11,0
"1996",2015-05-12,0
"1997",2015-05-13,0
"1998",2015-05-14,0
"1999",2015-05-15,0
"2000",2015-05-16,0
"2001",2015-05-17,0
"2002",2015-05-18,0
"2003",2015-05-19,0
"2004",2015-05-20,0
"2005",2015-05-21,0
"2006",2015-05-22,0
"2007",2015-05-23,0
"2008",2015-05-24,0
"2009",2015-05-25,0
"2010",2015-05-26,0
"2011",2015-05-27,0
"2012",2015-05-28,0
"2013",2015-05-29,0
"2014",2015-05-30,0
"2015",2015-05-31,0
"449",2015-06-01,36
"450",2015-06-02,51
"451",2015-06-03,39
"452",2015-06-04,6
"453",2015-06-05,27
"454",2015-06-06,24
"455",2015-06-07,45
"456",2015-06-08,18
"2016",2015-06-09,0
"457",2015-06-10,39
"2017",2015-06-11,0
"2018",2015-06-12,0
"2019",2015-06-13,0
"2020",2015-06-14,0
"2021",2015-06-15,0
"2022",2015-06-16,0
"2023",2015-06-17,0
"2024",2015-06-18,0
"2025",2015-06-19,0
"2026",2015-06-20,0
"2027",2015-06-21,0
"2028",2015-06-22,0
"2029",2015-06-23,0
"2030",2015-06-24,0
"2031",2015-06-25,0
"2032",2015-06-26,0
"2033",2015-06-27,0
"2034",2015-06-28,0
"2035",2015-06-29,0
"2036",2015-06-30,0
"2037",2015-07-01,0
"2038",2015-07-02,0
"2039",2015-07-03,0
"458",2015-07-04,209
"459",2015-07-05,72
"2040",2015-07-06,0
"460",2015-07-07,177
"461",2015-07-08,6
"462",2015-07-09,120
"2041",2015-07-10,0
"2042",2015-07-11,0
"2043",2015-07-12,0
"2044",2015-07-13,0
"2045",2015-07-14,0
"2046",2015-07-15,0
"2047",2015-07-16,0
"2048",2015-07-17,0
"2049",2015-07-18,0
"2050",2015-07-19,0
"2051",2015-07-20,0
"2052",2015-07-21,0
"2053",2015-07-22,0
"2054",2015-07-23,0
"2055",2015-07-24,0
"2056",2015-07-25,0
"2057",2015-07-26,0
"2058",2015-07-27,0
"2059",2015-07-28,0
"2060",2015-07-29,0
"2061",2015-07-30,0
"2062",2015-07-31,0
"2063",2015-08-01,0
"2064",2015-08-02,0
"2065",2015-08-03,0
"2066",2015-08-04,0
"463",2015-08-05,33
"464",2015-08-06,39
"465",2015-08-07,60
"2067",2015-08-08,0
"466",2015-08-09,174
"2068",2015-08-10,0
"2069",2015-08-11,0
"2070",2015-08-12,0
"2071",2015-08-13,0
"2072",2015-08-14,0
"2073",2015-08-15,0
"2074",2015-08-16,0
"2075",2015-08-17,0
"2076",2015-08-18,0
"2077",2015-08-19,0
"2078",2015-08-20,0
"2079",2015-08-21,0
"2080",2015-08-22,0
"2081",2015-08-23,0
"2082",2015-08-24,0
"2083",2015-08-25,0
"2084",2015-08-26,0
"2085",2015-08-27,0
"2086",2015-08-28,0
"2087",2015-08-29,0
"2088",2015-08-30,0
"2089",2015-08-31,0
"2090",2015-09-01,0
"2091",2015-09-02,0
"467",2015-09-03,24
"2092",2015-09-04,0
"468",2015-09-05,9
"2093",2015-09-06,0
"469",2015-09-07,129
"2094",2015-09-08,0
"470",2015-09-09,18
"2095",2015-09-10,0
"2096",2015-09-11,0
"2097",2015-09-12,0
"2098",2015-09-13,0
"2099",2015-09-14,0
"2100",2015-09-15,0
"2101",2015-09-16,0
"2102",2015-09-17,0
"2103",2015-09-18,0
"2104",2015-09-19,0
"2105",2015-09-20,0
"2106",2015-09-21,0
"2107",2015-09-22,0
"2108",2015-09-23,0
"2109",2015-09-24,0
"2110",2015-09-25,0
"2111",2015-09-26,0
"2112",2015-09-27,0
"2113",2015-09-28,0
"2114",2015-09-29,0
"2115",2015-09-30,0
"2116",2015-10-01,0
"2117",2015-10-02,0
"471",2015-10-03,50
"2118",2015-10-04,0
"2119",2015-10-05,0
"472",2015-10-06,90
"473",2015-10-07,78
"474",2015-10-08,3
"475",2015-10-09,9
"2120",2015-10-10,0
"476",2015-10-11,30
"2121",2015-10-12,0
"2122",2015-10-13,0
"2123",2015-10-14,0
"2124",2015-10-15,0
"2125",2015-10-16,0
"2126",2015-10-17,0
"2127",2015-10-18,0
"2128",2015-10-19,0
"2129",2015-10-20,0
"2130",2015-10-21,0
"2131",2015-10-22,0
"2132",2015-10-23,0
"2133",2015-10-24,0
"2134",2015-10-25,0
"2135",2015-10-26,0
"2136",2015-10-27,0
"2137",2015-10-28,0
"2138",2015-10-29,0
"2139",2015-10-30,0
"2140",2015-10-31,0
"2141",2015-11-01,0
"2142",2015-11-02,0
"477",2015-11-03,6
"2143",2015-11-04,0
"478",2015-11-05,171
"479",2015-11-06,3
"480",2015-11-07,261
"481",2015-11-08,57
"482",2015-11-09,81
"2144",2015-11-10,0
"2145",2015-11-11,0
"2146",2015-11-12,0
"2147",2015-11-13,0
"2148",2015-11-14,0
"2149",2015-11-15,0
"2150",2015-11-16,0
"2151",2015-11-17,0
"2152",2015-11-18,0
"2153",2015-11-19,0
"2154",2015-11-20,0
"2155",2015-11-21,0
"2156",2015-11-22,0
"2157",2015-11-23,0
"2158",2015-11-24,0
"2159",2015-11-25,0
"2160",2015-11-26,0
"2161",2015-11-27,0
"2162",2015-11-28,0
"2163",2015-11-29,0
"2164",2015-11-30,0
"483",2015-12-01,57
"484",2015-12-02,42
"485",2015-12-03,9
"2165",2015-12-04,0
"486",2015-12-05,60
"487",2015-12-06,285
"488",2015-12-07,18
"489",2015-12-08,4
"490",2015-12-09,15
"2166",2015-12-10,0
"2167",2015-12-11,0
"2168",2015-12-12,0
"2169",2015-12-13,0
"2170",2015-12-14,0
"2171",2015-12-15,0
"2172",2015-12-16,0
"2173",2015-12-17,0
"2174",2015-12-18,0
"2175",2015-12-19,0
"2176",2015-12-20,0
"2177",2015-12-21,0
"2178",2015-12-22,0
"2179",2015-12-23,0
"2180",2015-12-24,0
"2181",2015-12-25,0
"2182",2015-12-26,0
"2183",2015-12-27,0
"2184",2015-12-28,0
"2185",2015-12-29,0
"2186",2015-12-30,0
"2187",2015-12-31,0
"2188",2016-01-01,0
"2189",2016-01-02,0
"2190",2016-01-03,0
"2191",2016-01-04,0
"2192",2016-01-05,0
"2193",2016-01-06,0
"2194",2016-01-07,0
"2195",2016-01-08,0
"2196",2016-01-09,0
"2197",2016-01-10,0
"2198",2016-01-11,0
"2199",2016-01-12,0
"2200",2016-01-13,0
"2201",2016-01-14,0
"2202",2016-01-15,0
"2203",2016-01-16,0
"2204",2016-01-17,0
"2205",2016-01-18,0
"2206",2016-01-19,0
"2207",2016-01-20,0
"2208",2016-01-21,0
"2209",2016-01-22,0
"2210",2016-01-23,0
"2211",2016-01-24,0
"2212",2016-01-25,0
"2213",2016-01-26,0
"2214",2016-01-27,0
"2215",2016-01-28,0
"2216",2016-01-29,0
"2217",2016-01-30,0
"2218",2016-01-31,0
"2219",2016-02-01,0
"2220",2016-02-02,0
"2221",2016-02-03,0
"2222",2016-02-04,0
"2223",2016-02-05,0
"2224",2016-02-06,0
"2225",2016-02-07,0
"2226",2016-02-08,0
"2227",2016-02-09,0
"2228",2016-02-10,0
"2229",2016-02-11,0
"2230",2016-02-12,0
"2231",2016-02-13,0
"2232",2016-02-14,0
"2233",2016-02-15,0
"2234",2016-02-16,0
"2235",2016-02-17,0
"2236",2016-02-18,0
"2237",2016-02-19,0
"2238",2016-02-20,0
"2239",2016-02-21,0
"2240",2016-02-22,0
"2241",2016-02-23,0
"2242",2016-02-24,0
"2243",2016-02-25,0
"2244",2016-02-26,0
"2245",2016-02-27,0
"2246",2016-02-28,0
"2247",2016-02-29,0
"2248",2016-03-01,0
"2249",2016-03-02,0
"2250",2016-03-03,0
"2251",2016-03-04,0
"2252",2016-03-05,0
"2253",2016-03-06,0
"2254",2016-03-07,0
"2255",2016-03-08,0
"2256",2016-03-09,0
"2257",2016-03-10,0
"2258",2016-03-11,0
"2259",2016-03-12,0
"2260",2016-03-13,0
"2261",2016-03-14,0
"2262",2016-03-15,0
"2263",2016-03-16,0
"2264",2016-03-17,0
"2265",2016-03-18,0
"2266",2016-03-19,0
"2267",2016-03-20,0
"2268",2016-03-21,0
"2269",2016-03-22,0
"2270",2016-03-23,0
"2271",2016-03-24,0
"2272",2016-03-25,0
"2273",2016-03-26,0
"2274",2016-03-27,0
"2275",2016-03-28,0
"2276",2016-03-29,0
"2277",2016-03-30,0
"2278",2016-03-31,0
"491",2016-04-01,22
